metro,metname,year,metmedfinc,conum,trnum,gisjoin2,gisjoin3,totfam,medfinc,medfincratio,medcat,gisjoin_mod
14484,"Boston-Quincy, MA",1990,45863,25021,25021400100,25002104001,2.50E+12,854,66579,1.452,5,25002104001
14484,"Boston-Quincy, MA",1990,45863,25021,25021400200,25002104002,2.50E+12,1183,60508,1.319,5,25002104002
14484,"Boston-Quincy, MA",1990,45863,25021,25021400300,25002104003,2.50E+12,782,58926,1.285,5,25002104003
14484,"Boston-Quincy, MA",1990,45863,25021,25021400400,25002104004,2.50E+12,1028,56684,1.236,4,25002104004
14484,"Boston-Quincy, MA",1990,45863,25021,25021400500,25002104005,2.50E+12,943,67731,1.477,5,25002104005
14484,"Boston-Quincy, MA",1990,45863,25021,25021400600,25002104006,2.50E+12,1082,70159,1.53,6,25002104006
14484,"Boston-Quincy, MA",1990,45863,25021,25021400700,25002104007,2.50E+12,713,58763,1.281,5,25002104007
14484,"Boston-Quincy, MA",1990,45863,25021,25021400800,25002104008,2.50E+12,1019,47981,1.046,4,25002104008
14484,"Boston-Quincy, MA",1990,45863,25021,25021400900,25002104009,2.50E+12,865,41228,0.899,3,25002104009
14484,"Boston-Quincy, MA",1990,45863,25021,25021401000,25002104010,2.50E+12,787,57155,1.246,4,25002104010
14484,"Boston-Quincy, MA",1990,45863,25021,25021401100,25002104011,2.50E+12,1068,100176,2.184,6,25002104011
14484,"Boston-Quincy, MA",1990,45863,25021,25021401200,25002104012,2.50E+12,1565,75644,1.649,6,25002104012
14484,"Boston-Quincy, MA",1990,45863,25021,25021402100,25002104021,2.50E+12,2339,44951,0.98,3,25002104021
14484,"Boston-Quincy, MA",1990,45863,25021,25021402200,25002104022,2.50E+12,637,44743,0.976,3,25002104022
14484,"Boston-Quincy, MA",1990,45863,25021,25021402300,25002104023,2.50E+12,1277,59058,1.288,5,25002104023
14484,"Boston-Quincy, MA",1990,45863,25021,25021402400,25002104024,2.50E+12,1475,54238,1.183,4,25002104024
14484,"Boston-Quincy, MA",1990,45863,25021,25021402500,25002104025,2.50E+12,843,68842,1.501,6,25002104025
14484,"Boston-Quincy, MA",1990,45863,25021,25021403100,25002104031,2.50E+12,1918,65598,1.43,5,25002104031
14484,"Boston-Quincy, MA",1990,45863,25021,25021403200,25002104032,2.50E+12,1089,72943,1.59,6,25002104032
14484,"Boston-Quincy, MA",1990,45863,25021,25021403300,25002104033,2.50E+12,1081,89149,1.944,6,25002104033
14484,"Boston-Quincy, MA",1990,45863,25021,25021403400,25002104034,2.50E+12,2144,72633,1.584,6,25002104034
14484,"Boston-Quincy, MA",1990,45863,25021,25021403500,25002104035,2.50E+12,1443,62182,1.356,5,25002104035
14484,"Boston-Quincy, MA",1990,45863,25021,25021404100,25002104041,2.50E+12,394,90551,1.974,6,25002104041
14484,"Boston-Quincy, MA",1990,45863,25021,25021404201,2.50E+12,2.50E+12,1661,104228,2.273,6,2500210404201
14484,"Boston-Quincy, MA",1990,45863,25021,25021404202,2.50E+12,2.50E+12,864,105831,2.308,6,2500210404202
14484,"Boston-Quincy, MA",1990,45863,25021,25021404300,25002104043,2.50E+12,2491,80947,1.765,6,25002104043
14484,"Boston-Quincy, MA",1990,45863,25021,25021404400,25002104044,2.50E+12,1082,86076,1.877,6,25002104044
14484,"Boston-Quincy, MA",1990,45863,25021,25021405100,25002104051,2.50E+12,1389,102795,2.241,6,25002104051
14484,"Boston-Quincy, MA",1990,45863,25021,25021406101,2.50E+12,2.50E+12,1294,71254,1.554,6,2500210406101
14484,"Boston-Quincy, MA",1990,45863,25021,25021406102,2.50E+12,2.50E+12,1541,75624,1.649,6,2500210406102
14484,"Boston-Quincy, MA",1990,45863,25021,25021407100,25002104071,2.50E+12,2122,54773,1.194,4,25002104071
14484,"Boston-Quincy, MA",1990,45863,25021,25021408101,2.50E+12,2.50E+12,1561,62814,1.37,5,2500210408101
14484,"Boston-Quincy, MA",1990,45863,25021,25021408102,2.50E+12,2.50E+12,1090,52825,1.152,4,2500210408102
14484,"Boston-Quincy, MA",1990,45863,25021,25021409100,25002104091,2.50E+12,2046,69137,1.507,6,25002104091
14484,"Boston-Quincy, MA",1990,45863,25021,25021410100,25002104101,2.50E+12,1409,54397,1.186,4,25002104101
14484,"Boston-Quincy, MA",1990,45863,25021,25021410200,25002104102,2.50E+12,29,31042,0.677,2,25002104102
14484,"Boston-Quincy, MA",1990,45863,25021,25021410300,25002104103,2.50E+12,904,51871,1.131,4,25002104103
14484,"Boston-Quincy, MA",1990,45863,25021,25021410400,25002104104,2.50E+12,1589,51506,1.123,4,25002104104
14484,"Boston-Quincy, MA",1990,45863,25021,25021411100,25002104111,2.50E+12,1865,54397,1.186,4,25002104111
14484,"Boston-Quincy, MA",1990,45863,25021,25021411200,25002104112,2.50E+12,1421,54155,1.181,4,25002104112
14484,"Boston-Quincy, MA",1990,45863,25021,25021411300,25002104113,2.50E+12,1948,63052,1.375,5,25002104113
14484,"Boston-Quincy, MA",1990,45863,25021,25021412100,25002104121,2.50E+12,1534,64349,1.403,5,25002104121
14484,"Boston-Quincy, MA",1990,45863,25021,25021412200,25002104122,2.50E+12,754,75809,1.653,6,25002104122
14484,"Boston-Quincy, MA",1990,45863,25021,25021412300,25002104123,2.50E+12,1240,65605,1.43,5,25002104123
14484,"Boston-Quincy, MA",1990,45863,25021,25021413100,25002104131,2.50E+12,1631,49678,1.083,4,25002104131
14484,"Boston-Quincy, MA",1990,45863,25021,25021413200,25002104132,2.50E+12,1556,42611,0.929,3,25002104132
14484,"Boston-Quincy, MA",1990,45863,25021,25021413300,25002104133,2.50E+12,1367,57568,1.255,5,25002104133
14484,"Boston-Quincy, MA",1990,45863,25021,25021413400,25002104134,2.50E+12,1981,53437,1.165,4,25002104134
14484,"Boston-Quincy, MA",1990,45863,25021,25021413500,25002104135,2.50E+12,1036,45329,0.988,3,25002104135
14484,"Boston-Quincy, MA",1990,45863,25021,25021414100,25002104141,2.50E+12,1209,65171,1.421,5,25002104141
14484,"Boston-Quincy, MA",1990,45863,25021,25021414200,25002104142,2.50E+12,1919,74699,1.629,6,25002104142
14484,"Boston-Quincy, MA",1990,45863,25021,25021414300,25002104143,2.50E+12,1376,57669,1.257,5,25002104143
14484,"Boston-Quincy, MA",1990,45863,25021,25021415101,2.50E+12,2.50E+12,1109,62445,1.362,5,2500210415101
14484,"Boston-Quincy, MA",1990,45863,25021,25021415102,2.50E+12,2.50E+12,1788,55673,1.214,4,2500210415102
14484,"Boston-Quincy, MA",1990,45863,25021,25021415200,25002104152,2.50E+12,982,67909,1.481,5,25002104152
14484,"Boston-Quincy, MA",1990,45863,25021,25021415300,25002104153,2.50E+12,979,74662,1.628,6,25002104153
14484,"Boston-Quincy, MA",1990,45863,25021,25021416100,25002104161,2.50E+12,1962,74587,1.626,6,25002104161
14484,"Boston-Quincy, MA",1990,45863,25021,25021416200,25002104162,2.50E+12,1791,56827,1.239,4,25002104162
14484,"Boston-Quincy, MA",1990,45863,25021,25021416300,25002104163,2.50E+12,1237,61446,1.34,5,25002104163
14484,"Boston-Quincy, MA",1990,45863,25021,25021416400,25002104164,2.50E+12,1659,56916,1.241,4,25002104164
14484,"Boston-Quincy, MA",1990,45863,25021,25021417100,25002104171,2.50E+12,1223,51393,1.121,4,25002104171
14484,"Boston-Quincy, MA",1990,45863,25021,25021417200,25002104172,2.50E+12,1883,47229,1.03,4,25002104172
14484,"Boston-Quincy, MA",1990,45863,25021,25021417300,25002104173,2.50E+12,464,55462,1.209,4,25002104173
14484,"Boston-Quincy, MA",1990,45863,25021,25021417400,25002104174,2.50E+12,769,58351,1.272,5,25002104174
14484,"Boston-Quincy, MA",1990,45863,25021,25021417501,2.50E+12,2.50E+12,1277,47697,1.04,4,2500210417501
14484,"Boston-Quincy, MA",1990,45863,25021,25021417502,2.50E+12,2.50E+12,985,41993,0.916,3,2500210417502
14484,"Boston-Quincy, MA",1990,45863,25021,25021417600,25002104176,2.50E+12,2286,43250,0.943,3,25002104176
14484,"Boston-Quincy, MA",1990,45863,25021,25021417700,25002104177,2.50E+12,1550,46983,1.024,4,25002104177
14484,"Boston-Quincy, MA",1990,45863,25021,25021417801,2.50E+12,2.50E+12,1569,46825,1.021,4,2500210417801
14484,"Boston-Quincy, MA",1990,45863,25021,25021417802,2.50E+12,2.50E+12,808,23585,0.514,1,2500210417802
14484,"Boston-Quincy, MA",1990,45863,25021,25021417901,2.50E+12,2.50E+12,1312,38812,0.846,3,2500210417901
14484,"Boston-Quincy, MA",1990,45863,25021,25021417902,2.50E+12,2.50E+12,960,41754,0.91,3,2500210417902
14484,"Boston-Quincy, MA",1990,45863,25021,25021418001,2.50E+12,2.50E+12,1460,33768,0.736,2,2500210418001
14484,"Boston-Quincy, MA",1990,45863,25021,25021418002,2.50E+12,2.50E+12,1284,40154,0.876,3,2500210418002
14484,"Boston-Quincy, MA",1990,45863,25021,25021418100,25002104181,2.50E+12,1684,46389,1.011,4,25002104181
14484,"Boston-Quincy, MA",1990,45863,25021,25021418200,25002104182,2.50E+12,1402,46111,1.005,4,25002104182
14484,"Boston-Quincy, MA",1990,45863,25021,25021419100,25002104191,2.50E+12,1500,61409,1.339,5,25002104191
14484,"Boston-Quincy, MA",1990,45863,25021,25021419200,25002104192,2.50E+12,1374,54542,1.189,4,25002104192
14484,"Boston-Quincy, MA",1990,45863,25021,25021419300,25002104193,2.50E+12,1053,42386,0.924,3,25002104193
14484,"Boston-Quincy, MA",1990,45863,25021,25021419400,25002104194,2.50E+12,841,47318,1.032,4,25002104194
14484,"Boston-Quincy, MA",1990,45863,25021,25021419500,25002104195,2.50E+12,851,51442,1.122,4,25002104195
14484,"Boston-Quincy, MA",1990,45863,25021,25021419600,25002104196,2.50E+12,1389,56501,1.232,4,25002104196
14484,"Boston-Quincy, MA",1990,45863,25021,25021419700,25002104197,2.50E+12,998,51220,1.117,4,25002104197
14484,"Boston-Quincy, MA",1990,45863,25021,25021419800,25002104198,2.50E+12,1054,48718,1.062,4,25002104198
14484,"Boston-Quincy, MA",1990,45863,25021,25021420100,25002104201,2.50E+12,2060,46429,1.012,4,25002104201
14484,"Boston-Quincy, MA",1990,45863,25021,25021420200,25002104202,2.50E+12,2265,54488,1.188,4,25002104202
14484,"Boston-Quincy, MA",1990,45863,25021,25021420301,2.50E+12,2.50E+12,1777,49531,1.08,4,2500210420301
14484,"Boston-Quincy, MA",1990,45863,25021,25021420302,2.50E+12,2.50E+12,1933,51996,1.134,4,2500210420302
14484,"Boston-Quincy, MA",1990,45863,25021,25021421100,25002104211,2.50E+12,1436,43135,0.941,3,25002104211
14484,"Boston-Quincy, MA",1990,45863,25021,25021421200,25002104212,2.50E+12,1586,44951,0.98,3,25002104212
14484,"Boston-Quincy, MA",1990,45863,25021,25021422100,25002104221,2.50E+12,1235,58135,1.268,5,25002104221
14484,"Boston-Quincy, MA",1990,45863,25021,25021422200,25002104222,2.50E+12,1923,47072,1.026,4,25002104222
14484,"Boston-Quincy, MA",1990,45863,25021,25021422301,2.50E+12,2.50E+12,865,51014,1.112,4,2500210422301
14484,"Boston-Quincy, MA",1990,45863,25021,25021422302,2.50E+12,2.50E+12,1495,50251,1.096,4,2500210422302
14484,"Boston-Quincy, MA",1990,45863,25021,25021422400,25002104224,2.50E+12,1805,45896,1.001,4,25002104224
14484,"Boston-Quincy, MA",1990,45863,25021,25021422501,2.50E+12,2.50E+12,1273,44088,0.961,3,2500210422501
14484,"Boston-Quincy, MA",1990,45863,25021,25021422502,2.50E+12,2.50E+12,1417,43569,0.95,3,2500210422502
14484,"Boston-Quincy, MA",1990,45863,25021,25021422600,25002104226,2.50E+12,2020,52806,1.151,4,25002104226
14484,"Boston-Quincy, MA",1990,45863,25021,25021422700,25002104227,2.50E+12,1152,45885,1,4,25002104227
14484,"Boston-Quincy, MA",1990,45863,25021,25021422800,25002104228,2.50E+12,1174,48864,1.065,4,25002104228
14484,"Boston-Quincy, MA",1990,45863,25021,25021423100,25002104231,2.50E+12,1936,74310,1.62,6,25002104231
14484,"Boston-Quincy, MA",1990,45863,25021,25021440100,25002104401,2.50E+12,1841,46649,1.017,4,25002104401
14484,"Boston-Quincy, MA",1990,45863,25021,25021441100,25002104411,2.50E+12,0,,,,25002104411
14484,"Boston-Quincy, MA",1990,45863,25021,25021441200,25002104412,2.50E+12,2221,51194,1.116,4,25002104412
14484,"Boston-Quincy, MA",1990,45863,25021,25021442101,2.50E+12,2.50E+12,1191,53506,1.167,4,2500210442101
14484,"Boston-Quincy, MA",1990,45863,25021,25021442102,2.50E+12,2.50E+12,1569,56905,1.241,4,2500210442102
14484,"Boston-Quincy, MA",1990,45863,25021,25021442103,2.50E+12,2.50E+12,1009,60609,1.322,5,2500210442103
14484,"Boston-Quincy, MA",1990,45863,25021,25021442200,25002104422,2.50E+12,2044,49565,1.081,4,25002104422
14484,"Boston-Quincy, MA",1990,45863,25021,25021443101,2.50E+12,2.50E+12,1986,51916,1.132,4,2500210443101
14484,"Boston-Quincy, MA",1990,45863,25021,25021443198,2.50E+12,2.50E+12,2117,49269,1.074,4,2500210443198
14484,"Boston-Quincy, MA",1990,45863,25021,25021456101,2.50E+12,2.50E+12,957,51955,1.133,4,2500210456101
14484,"Boston-Quincy, MA",1990,45863,25021,25021456102,2.50E+12,2.50E+12,1256,41848,0.912,3,2500210456102
14484,"Boston-Quincy, MA",1990,45863,25021,25021456200,25002104562,2.50E+12,802,50559,1.102,4,25002104562
14484,"Boston-Quincy, MA",1990,45863,25021,25021456300,25002104563,2.50E+12,1960,45595,0.994,3,25002104563
14484,"Boston-Quincy, MA",1990,45863,25021,25021456401,2.50E+12,2.50E+12,837,42768,0.933,3,2500210456401
14484,"Boston-Quincy, MA",1990,45863,25021,25021456402,2.50E+12,2.50E+12,1316,56260,1.227,4,2500210456402
14484,"Boston-Quincy, MA",1990,45863,25021,25021457100,25002104571,2.50E+12,1230,49565,1.081,4,25002104571
14484,"Boston-Quincy, MA",1990,45863,25021,25021457298,2.50E+12,2.50E+12,0,,,,2500210457298
14484,"Boston-Quincy, MA",1990,45863,25021,25021762195,2.50E+12,2.50E+12,8,18750,0.409,1,2500210762195
14484,"Boston-Quincy, MA",1990,45863,25023,25023500101,2.50E+12,2.50E+12,963,48464,1.057,4,2500230500101
14484,"Boston-Quincy, MA",1990,45863,25023,25023500102,2.50E+12,2.50E+12,1639,40054,0.873,3,2500230500102
14484,"Boston-Quincy, MA",1990,45863,25023,25023501101,2.50E+12,2.50E+12,910,63034,1.374,5,2500230501101
14484,"Boston-Quincy, MA",1990,45863,25023,25023501102,2.50E+12,2.50E+12,1894,54846,1.196,4,2500230501102
14484,"Boston-Quincy, MA",1990,45863,25023,25023501201,2.50E+12,2.50E+12,1078,72811,1.588,6,2500230501201
14484,"Boston-Quincy, MA",1990,45863,25023,25023501202,2.50E+12,2.50E+12,1604,78341,1.708,6,2500230501202
14484,"Boston-Quincy, MA",1990,45863,25023,25023502101,2.50E+12,2.50E+12,1586,45053,0.982,3,2500230502101
14484,"Boston-Quincy, MA",1990,45863,25023,25023502102,2.50E+12,2.50E+12,1068,42045,0.917,3,2500230502102
14484,"Boston-Quincy, MA",1990,45863,25023,25023502200,25002305022,2.50E+12,1528,45562,0.993,3,25002305022
14484,"Boston-Quincy, MA",1990,45863,25023,25023503101,2.50E+12,2.50E+12,1478,58794,1.282,5,2500230503101
14484,"Boston-Quincy, MA",1990,45863,25023,25023503102,2.50E+12,2.50E+12,1615,59869,1.305,5,2500230503102
14484,"Boston-Quincy, MA",1990,45863,25023,25023504101,2.50E+12,2.50E+12,1289,60167,1.312,5,2500230504101
14484,"Boston-Quincy, MA",1990,45863,25023,25023504102,2.50E+12,2.50E+12,1228,74773,1.63,6,2500230504102
14484,"Boston-Quincy, MA",1990,45863,25023,25023505101,2.50E+12,2.50E+12,1694,61605,1.343,5,2500230505101
14484,"Boston-Quincy, MA",1990,45863,25023,25023505102,2.50E+12,2.50E+12,1295,61978,1.351,5,2500230505102
14484,"Boston-Quincy, MA",1990,45863,25023,25023505200,25002305052,2.50E+12,1574,56014,1.221,4,25002305052
14484,"Boston-Quincy, MA",1990,45863,25023,25023506101,2.50E+12,2.50E+12,1507,62670,1.366,5,2500230506101
14484,"Boston-Quincy, MA",1990,45863,25023,25023506102,2.50E+12,2.50E+12,1227,56897,1.241,4,2500230506102
14484,"Boston-Quincy, MA",1990,45863,25023,25023506201,2.50E+12,2.50E+12,0,,,,2500230506201
14484,"Boston-Quincy, MA",1990,45863,25023,25023506202,2.50E+12,2.50E+12,593,59195,1.291,5,2500230506202
14484,"Boston-Quincy, MA",1990,45863,25023,25023506203,2.50E+12,2.50E+12,1160,54491,1.188,4,2500230506203
14484,"Boston-Quincy, MA",1990,45863,25023,25023506204,2.50E+12,2.50E+12,1218,44375,0.968,3,2500230506204
14484,"Boston-Quincy, MA",1990,45863,25023,25023507101,2.50E+12,2.50E+12,1318,65613,1.431,5,2500230507101
14484,"Boston-Quincy, MA",1990,45863,25023,25023507102,2.50E+12,2.50E+12,2540,71465,1.558,6,2500230507102
14484,"Boston-Quincy, MA",1990,45863,25023,25023508101,2.50E+12,2.50E+12,1329,53673,1.17,4,2500230508101
14484,"Boston-Quincy, MA",1990,45863,25023,25023508102,2.50E+12,2.50E+12,1324,43790,0.955,3,2500230508102
14484,"Boston-Quincy, MA",1990,45863,25023,25023508200,25002305082,2.50E+12,1309,57418,1.252,5,25002305082
14484,"Boston-Quincy, MA",1990,45863,25023,25023509100,25002305091,2.50E+12,2432,45386,0.99,3,25002305091
14484,"Boston-Quincy, MA",1990,45863,25023,25023510100,25002305101,2.50E+12,1357,47098,1.027,4,25002305101
14484,"Boston-Quincy, MA",1990,45863,25023,25023510200,25002305102,2.50E+12,1622,43015,0.938,3,25002305102
14484,"Boston-Quincy, MA",1990,45863,25023,25023510300,25002305103,2.50E+12,887,23651,0.516,1,25002305103
14484,"Boston-Quincy, MA",1990,45863,25023,25023510400,25002305104,2.50E+12,833,27798,0.606,1,25002305104
14484,"Boston-Quincy, MA",1990,45863,25023,25023510501,2.50E+12,2.50E+12,842,41200,0.898,3,2500230510501
14484,"Boston-Quincy, MA",1990,45863,25023,25023510502,2.50E+12,2.50E+12,1340,32984,0.719,2,2500230510502
14484,"Boston-Quincy, MA",1990,45863,25023,25023510503,2.50E+12,2.50E+12,1096,37412,0.816,3,2500230510503
14484,"Boston-Quincy, MA",1990,45863,25023,25023510600,25002305106,2.50E+12,804,56761,1.238,4,25002305106
14484,"Boston-Quincy, MA",1990,45863,25023,25023510700,25002305107,2.50E+12,1396,44196,0.964,3,25002305107
14484,"Boston-Quincy, MA",1990,45863,25023,25023510800,25002305108,2.50E+12,1491,32299,0.704,2,25002305108
14484,"Boston-Quincy, MA",1990,45863,25023,25023510900,25002305109,2.50E+12,494,19917,0.434,1,25002305109
14484,"Boston-Quincy, MA",1990,45863,25023,25023511000,25002305110,2.50E+12,706,28375,0.619,1,25002305110
14484,"Boston-Quincy, MA",1990,45863,25023,25023511100,25002305111,2.50E+12,1524,47669,1.039,4,25002305111
14484,"Boston-Quincy, MA",1990,45863,25023,25023511200,25002305112,2.50E+12,1056,33125,0.722,2,25002305112
14484,"Boston-Quincy, MA",1990,45863,25023,25023511301,2.50E+12,2.50E+12,1187,41789,0.911,3,2500230511301
14484,"Boston-Quincy, MA",1990,45863,25023,25023511302,2.50E+12,2.50E+12,1028,46409,1.012,4,2500230511302
14484,"Boston-Quincy, MA",1990,45863,25023,25023511400,25002305114,2.50E+12,913,21717,0.474,1,25002305114
14484,"Boston-Quincy, MA",1990,45863,25023,25023511500,25002305115,2.50E+12,1007,26558,0.579,1,25002305115
14484,"Boston-Quincy, MA",1990,45863,25023,25023511600,25002305116,2.50E+12,1652,36616,0.798,2,25002305116
14484,"Boston-Quincy, MA",1990,45863,25023,25023511701,2.50E+12,2.50E+12,1356,47727,1.041,4,2500230511701
14484,"Boston-Quincy, MA",1990,45863,25023,25023511702,2.50E+12,2.50E+12,703,43024,0.938,3,2500230511702
14484,"Boston-Quincy, MA",1990,45863,25023,25023520100,25002305201,2.50E+12,1615,48625,1.06,4,25002305201
14484,"Boston-Quincy, MA",1990,45863,25023,25023520201,2.50E+12,2.50E+12,1012,47157,1.028,4,2500230520201
14484,"Boston-Quincy, MA",1990,45863,25023,25023520202,2.50E+12,2.50E+12,973,50380,1.098,4,2500230520202
14484,"Boston-Quincy, MA",1990,45863,25023,25023521101,2.50E+12,2.50E+12,998,47381,1.033,4,2500230521101
14484,"Boston-Quincy, MA",1990,45863,25023,25023521102,2.50E+12,2.50E+12,759,43977,0.959,3,2500230521102
14484,"Boston-Quincy, MA",1990,45863,25023,25023521201,2.50E+12,2.50E+12,695,41458,0.904,3,2500230521201
14484,"Boston-Quincy, MA",1990,45863,25023,25023521202,2.50E+12,2.50E+12,950,49000,1.068,4,2500230521202
14484,"Boston-Quincy, MA",1990,45863,25023,25023522101,2.50E+12,2.50E+12,1170,48787,1.064,4,2500230522101
14484,"Boston-Quincy, MA",1990,45863,25023,25023522102,2.50E+12,2.50E+12,1212,52581,1.146,4,2500230522102
14484,"Boston-Quincy, MA",1990,45863,25023,25023523100,25002305231,2.50E+12,643,44410,0.968,3,25002305231
14484,"Boston-Quincy, MA",1990,45863,25023,25023523201,2.50E+12,2.50E+12,608,47917,1.045,4,2500230523201
14484,"Boston-Quincy, MA",1990,45863,25023,25023523202,2.50E+12,2.50E+12,1653,48281,1.053,4,2500230523202
14484,"Boston-Quincy, MA",1990,45863,25023,25023524101,2.50E+12,2.50E+12,735,43021,0.938,3,2500230524101
14484,"Boston-Quincy, MA",1990,45863,25023,25023524102,2.50E+12,2.50E+12,1038,48442,1.056,4,2500230524102
14484,"Boston-Quincy, MA",1990,45863,25023,25023525101,2.50E+12,2.50E+12,1396,43375,0.946,3,2500230525101
14484,"Boston-Quincy, MA",1990,45863,25023,25023525102,2.50E+12,2.50E+12,1364,53709,1.171,4,2500230525102
14484,"Boston-Quincy, MA",1990,45863,25023,25023525200,25002305252,2.50E+12,1612,51094,1.114,4,25002305252
14484,"Boston-Quincy, MA",1990,45863,25023,25023525300,25002305253,2.50E+12,50,27083,0.591,1,25002305253
14484,"Boston-Quincy, MA",1990,45863,25023,25023526100,25002305261,2.50E+12,1776,42955,0.937,3,25002305261
14484,"Boston-Quincy, MA",1990,45863,25023,25023530100,25002305301,2.50E+12,995,44728,0.975,3,25002305301
14484,"Boston-Quincy, MA",1990,45863,25023,25023530200,25002305302,2.50E+12,933,33315,0.726,2,25002305302
14484,"Boston-Quincy, MA",1990,45863,25023,25023530300,25002305303,2.50E+12,937,40128,0.875,3,25002305303
14484,"Boston-Quincy, MA",1990,45863,25023,25023530400,25002305304,2.50E+12,1825,54599,1.19,4,25002305304
14484,"Boston-Quincy, MA",1990,45863,25023,25023530500,25002305305,2.50E+12,1280,42719,0.931,3,25002305305
14484,"Boston-Quincy, MA",1990,45863,25023,25023530600,25002305306,2.50E+12,1265,52994,1.155,4,25002305306
14484,"Boston-Quincy, MA",1990,45863,25023,25023530700,25002305307,2.50E+12,629,49803,1.086,4,25002305307
14484,"Boston-Quincy, MA",1990,45863,25023,25023530800,25002305308,2.50E+12,2070,41235,0.899,3,25002305308
14484,"Boston-Quincy, MA",1990,45863,25023,25023530900,25002305309,2.50E+12,2078,44477,0.97,3,25002305309
14484,"Boston-Quincy, MA",1990,45863,25023,25023540100,25002305401,2.50E+12,2120,51281,1.118,4,25002305401
14484,"Boston-Quincy, MA",1990,45863,25023,25023541100,25002305411,2.50E+12,1119,47413,1.034,4,25002305411
14484,"Boston-Quincy, MA",1990,45863,25023,25023542100,25002305421,2.50E+12,1915,46322,1.01,4,25002305421
14484,"Boston-Quincy, MA",1990,45863,25023,25023542200,25002305422,2.50E+12,1021,42652,0.93,3,25002305422
14484,"Boston-Quincy, MA",1990,45863,25023,25023542300,25002305423,2.50E+12,1722,34684,0.756,2,25002305423
14484,"Boston-Quincy, MA",1990,45863,25023,25023543100,25002305431,2.50E+12,659,46715,1.019,4,25002305431
14484,"Boston-Quincy, MA",1990,45863,25023,25023544100,25002305441,2.50E+12,1384,46213,1.008,4,25002305441
14484,"Boston-Quincy, MA",1990,45863,25023,25023544200,25002305442,2.50E+12,1466,39321,0.857,3,25002305442
14484,"Boston-Quincy, MA",1990,45863,25023,25023545100,25002305451,2.50E+12,1502,35994,0.785,2,25002305451
14484,"Boston-Quincy, MA",1990,45863,25023,25023545200,25002305452,2.50E+12,1342,34357,0.749,2,25002305452
14484,"Boston-Quincy, MA",1990,45863,25023,25023545300,25002305453,2.50E+12,1010,32297,0.704,2,25002305453
14484,"Boston-Quincy, MA",1990,45863,25023,25023545400,25002305454,2.50E+12,1330,36034,0.786,2,25002305454
14484,"Boston-Quincy, MA",1990,45863,25023,25023560100,25002305601,2.50E+12,1638,46000,1.003,4,25002305601
14484,"Boston-Quincy, MA",1990,45863,25023,25023561100,25002305611,2.50E+12,1141,52163,1.137,4,25002305611
14484,"Boston-Quincy, MA",1990,45863,25025,25025000100,25002500001,2.50E+12,793,37949,0.827,3,25002500001
14484,"Boston-Quincy, MA",1990,45863,25025,25025000201,2.50E+12,2.50E+12,722,39483,0.861,3,2500250000201
14484,"Boston-Quincy, MA",1990,45863,25025,25025000202,2.50E+12,2.50E+12,834,41274,0.9,3,2500250000202
14484,"Boston-Quincy, MA",1990,45863,25025,25025000300,25002500003,2.50E+12,1147,47801,1.042,4,25002500003
14484,"Boston-Quincy, MA",1990,45863,25025,25025000401,2.50E+12,2.50E+12,939,30054,0.655,1,2500250000401
14484,"Boston-Quincy, MA",1990,45863,25025,25025000402,2.50E+12,2.50E+12,568,50641,1.104,4,2500250000402
14484,"Boston-Quincy, MA",1990,45863,25025,25025000501,2.50E+12,2.50E+12,953,37250,0.812,3,2500250000501
14484,"Boston-Quincy, MA",1990,45863,25025,25025000502,2.50E+12,2.50E+12,744,39083,0.852,3,2500250000502
14484,"Boston-Quincy, MA",1990,45863,25025,25025000601,2.50E+12,2.50E+12,640,49688,1.083,4,2500250000601
14484,"Boston-Quincy, MA",1990,45863,25025,25025000602,2.50E+12,2.50E+12,891,20199,0.44,1,2500250000602
14484,"Boston-Quincy, MA",1990,45863,25025,25025000701,2.50E+12,2.50E+12,608,28800,0.628,1,2500250000701
14484,"Boston-Quincy, MA",1990,45863,25025,25025000702,2.50E+12,2.50E+12,960,26071,0.568,1,2500250000702
14484,"Boston-Quincy, MA",1990,45863,25025,25025000801,2.50E+12,2.50E+12,264,36250,0.79,2,2500250000801
14484,"Boston-Quincy, MA",1990,45863,25025,25025000802,2.50E+12,2.50E+12,1078,30214,0.659,1,2500250000802
14484,"Boston-Quincy, MA",1990,45863,25025,25025010101,2.50E+12,2.50E+12,335,62018,1.352,5,2500250010101
14484,"Boston-Quincy, MA",1990,45863,25025,25025010102,2.50E+12,2.50E+12,38,35000,0.763,2,2500250010102
14484,"Boston-Quincy, MA",1990,45863,25025,25025010200,25002500102,2.50E+12,745,21298,0.464,1,25002500102
14484,"Boston-Quincy, MA",1990,45863,25025,25025010300,25002500103,2.50E+12,280,16176,0.353,1,25002500103
14484,"Boston-Quincy, MA",1990,45863,25025,25025010401,2.50E+12,2.50E+12,644,33571,0.732,2,2500250010401
14484,"Boston-Quincy, MA",1990,45863,25025,25025010402,2.50E+12,2.50E+12,121,22850,0.498,1,2500250010402
14484,"Boston-Quincy, MA",1990,45863,25025,25025010500,25002500105,2.50E+12,305,47750,1.041,4,25002500105
14484,"Boston-Quincy, MA",1990,45863,25025,25025010600,25002500106,2.50E+12,244,80157,1.748,6,25002500106
14484,"Boston-Quincy, MA",1990,45863,25025,25025010700,25002500107,2.50E+12,719,83872,1.829,6,25002500107
14484,"Boston-Quincy, MA",1990,45863,25025,25025010800,25002500108,2.50E+12,878,108951,2.376,6,25002500108
14484,"Boston-Quincy, MA",1990,45863,25025,25025020100,25002500201,2.50E+12,710,126112,2.75,6,25002500201
14484,"Boston-Quincy, MA",1990,45863,25025,25025020200,25002500202,2.50E+12,474,53055,1.157,4,25002500202
14484,"Boston-Quincy, MA",1990,45863,25025,25025020300,25002500203,2.50E+12,727,73781,1.609,6,25002500203
14484,"Boston-Quincy, MA",1990,45863,25025,25025030100,25002500301,2.50E+12,372,39667,0.865,3,25002500301
14484,"Boston-Quincy, MA",1990,45863,25025,25025030200,25002500302,2.50E+12,337,29519,0.644,1,25002500302
14484,"Boston-Quincy, MA",1990,45863,25025,25025030300,25002500303,2.50E+12,596,65943,1.438,5,25002500303
14484,"Boston-Quincy, MA",1990,45863,25025,25025030400,25002500304,2.50E+12,364,35781,0.78,2,25002500304
14484,"Boston-Quincy, MA",1990,45863,25025,25025030500,25002500305,2.50E+12,434,37500,0.818,3,25002500305
14484,"Boston-Quincy, MA",1990,45863,25025,25025030599,2.50E+12,2.50E+12,0,,,,2500250030599
14484,"Boston-Quincy, MA",1990,45863,25025,25025040100,25002500401,2.50E+12,343,64864,1.414,5,25002500401
14484,"Boston-Quincy, MA",1990,45863,25025,25025040200,25002500402,2.50E+12,375,27536,0.6,1,25002500402
14484,"Boston-Quincy, MA",1990,45863,25025,25025040300,25002500403,2.50E+12,588,34107,0.744,2,25002500403
14484,"Boston-Quincy, MA",1990,45863,25025,25025040400,25002500404,2.50E+12,498,40119,0.875,3,25002500404
14484,"Boston-Quincy, MA",1990,45863,25025,25025040500,25002500405,2.50E+12,293,53022,1.156,4,25002500405
14484,"Boston-Quincy, MA",1990,45863,25025,25025040600,25002500406,2.50E+12,78,53909,1.175,4,25002500406
14484,"Boston-Quincy, MA",1990,45863,25025,25025040700,25002500407,2.50E+12,402,63126,1.376,5,25002500407
14484,"Boston-Quincy, MA",1990,45863,25025,25025040800,25002500408,2.50E+12,607,26929,0.587,1,25002500408
14484,"Boston-Quincy, MA",1990,45863,25025,25025040899,2.50E+12,2.50E+12,0,,,,2500250040899
14484,"Boston-Quincy, MA",1990,45863,25025,25025050100,25002500501,2.50E+12,973,26445,0.577,1,25002500501
14484,"Boston-Quincy, MA",1990,45863,25025,25025050200,25002500502,2.50E+12,960,26689,0.582,1,25002500502
14484,"Boston-Quincy, MA",1990,45863,25025,25025050300,25002500503,2.50E+12,361,14272,0.311,1,25002500503
14484,"Boston-Quincy, MA",1990,45863,25025,25025050400,25002500504,2.50E+12,490,21232,0.463,1,25002500504
14484,"Boston-Quincy, MA",1990,45863,25025,25025050500,25002500505,2.50E+12,398,26351,0.575,1,25002500505
14484,"Boston-Quincy, MA",1990,45863,25025,25025050600,25002500506,2.50E+12,431,25288,0.551,1,25002500506
14484,"Boston-Quincy, MA",1990,45863,25025,25025050700,25002500507,2.50E+12,266,18750,0.409,1,25002500507
14484,"Boston-Quincy, MA",1990,45863,25025,25025050800,25002500508,2.50E+12,465,29861,0.651,1,25002500508
14484,"Boston-Quincy, MA",1990,45863,25025,25025050900,25002500509,2.50E+12,831,31058,0.677,2,25002500509
14484,"Boston-Quincy, MA",1990,45863,25025,25025051000,25002500510,2.50E+12,1106,28987,0.632,1,25002500510
14484,"Boston-Quincy, MA",1990,45863,25025,25025051100,25002500511,2.50E+12,1300,35433,0.773,2,25002500511
14484,"Boston-Quincy, MA",1990,45863,25025,25025051200,25002500512,2.50E+12,640,28875,0.63,1,25002500512
14484,"Boston-Quincy, MA",1990,45863,25025,25025060100,25002500601,2.50E+12,729,43403,0.946,3,25002500601
14484,"Boston-Quincy, MA",1990,45863,25025,25025060200,25002500602,2.50E+12,507,46367,1.011,4,25002500602
14484,"Boston-Quincy, MA",1990,45863,25025,25025060300,25002500603,2.50E+12,823,41016,0.894,3,25002500603
14484,"Boston-Quincy, MA",1990,45863,25025,25025060400,25002500604,2.50E+12,1102,42917,0.936,3,25002500604
14484,"Boston-Quincy, MA",1990,45863,25025,25025060500,25002500605,2.50E+12,770,34224,0.746,2,25002500605
14484,"Boston-Quincy, MA",1990,45863,25025,25025060599,2.50E+12,2.50E+12,0,,,,2500250060599
14484,"Boston-Quincy, MA",1990,45863,25025,25025060600,25002500606,2.50E+12,187,32404,0.707,2,25002500606
14484,"Boston-Quincy, MA",1990,45863,25025,25025060699,2.50E+12,2.50E+12,0,,,,2500250060699
14484,"Boston-Quincy, MA",1990,45863,25025,25025060700,25002500607,2.50E+12,299,14886,0.325,1,25002500607
14484,"Boston-Quincy, MA",1990,45863,25025,25025060800,25002500608,2.50E+12,247,26797,0.584,1,25002500608
14484,"Boston-Quincy, MA",1990,45863,25025,25025060900,25002500609,2.50E+12,426,41563,0.906,3,25002500609
14484,"Boston-Quincy, MA",1990,45863,25025,25025061000,25002500610,2.50E+12,731,14913,0.325,1,25002500610
14484,"Boston-Quincy, MA",1990,45863,25025,25025061100,25002500611,2.50E+12,547,14883,0.325,1,25002500611
14484,"Boston-Quincy, MA",1990,45863,25025,25025061200,25002500612,2.50E+12,226,34808,0.759,2,25002500612
14484,"Boston-Quincy, MA",1990,45863,25025,25025061300,25002500613,2.50E+12,84,16413,0.358,1,25002500613
14484,"Boston-Quincy, MA",1990,45863,25025,25025061400,25002500614,2.50E+12,109,43558,0.95,3,25002500614
14484,"Boston-Quincy, MA",1990,45863,25025,25025070100,25002500701,2.50E+12,389,14345,0.313,1,25002500701
14484,"Boston-Quincy, MA",1990,45863,25025,25025070200,25002500702,2.50E+12,733,19719,0.43,1,25002500702
14484,"Boston-Quincy, MA",1990,45863,25025,25025070300,25002500703,2.50E+12,441,65290,1.424,5,25002500703
14484,"Boston-Quincy, MA",1990,45863,25025,25025070400,25002500704,2.50E+12,387,16367,0.357,1,25002500704
14484,"Boston-Quincy, MA",1990,45863,25025,25025070500,25002500705,2.50E+12,1073,26705,0.582,1,25002500705
14484,"Boston-Quincy, MA",1990,45863,25025,25025070600,25002500706,2.50E+12,312,80094,1.746,6,25002500706
14484,"Boston-Quincy, MA",1990,45863,25025,25025070700,25002500707,2.50E+12,425,37708,0.822,3,25002500707
14484,"Boston-Quincy, MA",1990,45863,25025,25025070800,25002500708,2.50E+12,500,46563,1.015,4,25002500708
14484,"Boston-Quincy, MA",1990,45863,25025,25025070900,25002500709,2.50E+12,464,28100,0.613,1,25002500709
14484,"Boston-Quincy, MA",1990,45863,25025,25025071000,25002500710,2.50E+12,239,28875,0.63,1,25002500710
14484,"Boston-Quincy, MA",1990,45863,25025,25025071100,25002500711,2.50E+12,86,7442,0.162,1,25002500711
14484,"Boston-Quincy, MA",1990,45863,25025,25025071200,25002500712,2.50E+12,192,13750,0.3,1,25002500712
14484,"Boston-Quincy, MA",1990,45863,25025,25025080100,25002500801,2.50E+12,88,17045,0.372,1,25002500801
14484,"Boston-Quincy, MA",1990,45863,25025,25025080200,25002500802,2.50E+12,348,24113,0.526,1,25002500802
14484,"Boston-Quincy, MA",1990,45863,25025,25025080300,25002500803,2.50E+12,567,18315,0.399,1,25002500803
14484,"Boston-Quincy, MA",1990,45863,25025,25025080400,25002500804,2.50E+12,386,8572,0.187,1,25002500804
14484,"Boston-Quincy, MA",1990,45863,25025,25025080500,25002500805,2.50E+12,1109,18720,0.408,1,25002500805
14484,"Boston-Quincy, MA",1990,45863,25025,25025080600,25002500806,2.50E+12,242,9144,0.199,1,25002500806
14484,"Boston-Quincy, MA",1990,45863,25025,25025080700,25002500807,2.50E+12,150,13667,0.298,1,25002500807
14484,"Boston-Quincy, MA",1990,45863,25025,25025080800,25002500808,2.50E+12,632,15508,0.338,1,25002500808
14484,"Boston-Quincy, MA",1990,45863,25025,25025080900,25002500809,2.50E+12,440,31029,0.677,2,25002500809
14484,"Boston-Quincy, MA",1990,45863,25025,25025081000,25002500810,2.50E+12,1014,21227,0.463,1,25002500810
14484,"Boston-Quincy, MA",1990,45863,25025,25025081100,25002500811,2.50E+12,637,25813,0.563,1,25002500811
14484,"Boston-Quincy, MA",1990,45863,25025,25025081200,25002500812,2.50E+12,767,24954,0.544,1,25002500812
14484,"Boston-Quincy, MA",1990,45863,25025,25025081300,25002500813,2.50E+12,941,20426,0.445,1,25002500813
14484,"Boston-Quincy, MA",1990,45863,25025,25025081400,25002500814,2.50E+12,441,27344,0.596,1,25002500814
14484,"Boston-Quincy, MA",1990,45863,25025,25025081500,25002500815,2.50E+12,516,22813,0.497,1,25002500815
14484,"Boston-Quincy, MA",1990,45863,25025,25025081600,25002500816,2.50E+12,192,26250,0.572,1,25002500816
14484,"Boston-Quincy, MA",1990,45863,25025,25025081700,25002500817,2.50E+12,906,27778,0.606,1,25002500817
14484,"Boston-Quincy, MA",1990,45863,25025,25025081800,25002500818,2.50E+12,647,26190,0.571,1,25002500818
14484,"Boston-Quincy, MA",1990,45863,25025,25025081900,25002500819,2.50E+12,881,35699,0.778,2,25002500819
14484,"Boston-Quincy, MA",1990,45863,25025,25025082000,25002500820,2.50E+12,717,25806,0.563,1,25002500820
14484,"Boston-Quincy, MA",1990,45863,25025,25025082100,25002500821,2.50E+12,1212,19312,0.421,1,25002500821
14484,"Boston-Quincy, MA",1990,45863,25025,25025090100,25002500901,2.50E+12,1060,30052,0.655,1,25002500901
14484,"Boston-Quincy, MA",1990,45863,25025,25025090200,25002500902,2.50E+12,569,17396,0.379,1,25002500902
14484,"Boston-Quincy, MA",1990,45863,25025,25025090300,25002500903,2.50E+12,673,20691,0.451,1,25002500903
14484,"Boston-Quincy, MA",1990,45863,25025,25025090400,25002500904,2.50E+12,319,18542,0.404,1,25002500904
14484,"Boston-Quincy, MA",1990,45863,25025,25025090500,25002500905,2.50E+12,285,25083,0.547,1,25002500905
14484,"Boston-Quincy, MA",1990,45863,25025,25025090600,25002500906,2.50E+12,443,21830,0.476,1,25002500906
14484,"Boston-Quincy, MA",1990,45863,25025,25025090700,25002500907,2.50E+12,717,31767,0.693,2,25002500907
14484,"Boston-Quincy, MA",1990,45863,25025,25025090800,25002500908,2.50E+12,242,33145,0.723,2,25002500908
14484,"Boston-Quincy, MA",1990,45863,25025,25025090900,25002500909,2.50E+12,362,16726,0.365,1,25002500909
14484,"Boston-Quincy, MA",1990,45863,25025,25025091000,25002500910,2.50E+12,633,36078,0.787,2,25002500910
14484,"Boston-Quincy, MA",1990,45863,25025,25025091100,25002500911,2.50E+12,1140,38457,0.839,3,25002500911
14484,"Boston-Quincy, MA",1990,45863,25025,25025091200,25002500912,2.50E+12,736,29621,0.646,1,25002500912
14484,"Boston-Quincy, MA",1990,45863,25025,25025091300,25002500913,2.50E+12,601,28024,0.611,1,25002500913
14484,"Boston-Quincy, MA",1990,45863,25025,25025091400,25002500914,2.50E+12,521,28319,0.617,1,25002500914
14484,"Boston-Quincy, MA",1990,45863,25025,25025091500,25002500915,2.50E+12,990,26694,0.582,1,25002500915
14484,"Boston-Quincy, MA",1990,45863,25025,25025091600,25002500916,2.50E+12,600,26855,0.586,1,25002500916
14484,"Boston-Quincy, MA",1990,45863,25025,25025091700,25002500917,2.50E+12,730,27670,0.603,1,25002500917
14484,"Boston-Quincy, MA",1990,45863,25025,25025091800,25002500918,2.50E+12,759,30762,0.671,2,25002500918
14484,"Boston-Quincy, MA",1990,45863,25025,25025091900,25002500919,2.50E+12,953,28351,0.618,1,25002500919
14484,"Boston-Quincy, MA",1990,45863,25025,25025092000,25002500920,2.50E+12,1136,28136,0.613,1,25002500920
14484,"Boston-Quincy, MA",1990,45863,25025,25025092100,25002500921,2.50E+12,1366,32602,0.711,2,25002500921
14484,"Boston-Quincy, MA",1990,45863,25025,25025092200,25002500922,2.50E+12,699,47012,1.025,4,25002500922
14484,"Boston-Quincy, MA",1990,45863,25025,25025092300,25002500923,2.50E+12,789,34351,0.749,2,25002500923
14484,"Boston-Quincy, MA",1990,45863,25025,25025092400,25002500924,2.50E+12,1478,20119,0.439,1,25002500924
14484,"Boston-Quincy, MA",1990,45863,25025,25025100100,25002501001,2.50E+12,1117,24077,0.525,1,25002501001
14484,"Boston-Quincy, MA",1990,45863,25025,25025100200,25002501002,2.50E+12,684,16474,0.359,1,25002501002
14484,"Boston-Quincy, MA",1990,45863,25025,25025100300,25002501003,2.50E+12,855,28750,0.627,1,25002501003
14484,"Boston-Quincy, MA",1990,45863,25025,25025100400,25002501004,2.50E+12,1250,39476,0.861,3,25002501004
14484,"Boston-Quincy, MA",1990,45863,25025,25025100500,25002501005,2.50E+12,1397,30022,0.655,1,25002501005
14484,"Boston-Quincy, MA",1990,45863,25025,25025100601,2.50E+12,2.50E+12,1177,37009,0.807,3,2500250100601
14484,"Boston-Quincy, MA",1990,45863,25025,25025100602,2.50E+12,2.50E+12,462,40217,0.877,3,2500250100602
14484,"Boston-Quincy, MA",1990,45863,25025,25025100700,25002501007,2.50E+12,1179,44057,0.961,3,25002501007
14484,"Boston-Quincy, MA",1990,45863,25025,25025100800,25002501008,2.50E+12,1261,42940,0.936,3,25002501008
14484,"Boston-Quincy, MA",1990,45863,25025,25025100900,25002501009,2.50E+12,1036,40722,0.888,3,25002501009
14484,"Boston-Quincy, MA",1990,45863,25025,25025101001,2.50E+12,2.50E+12,1565,38065,0.83,3,2500250101001
14484,"Boston-Quincy, MA",1990,45863,25025,25025101002,2.50E+12,2.50E+12,1352,34000,0.741,2,2500250101002
14484,"Boston-Quincy, MA",1990,45863,25025,25025101101,2.50E+12,2.50E+12,752,33578,0.732,2,2500250101101
14484,"Boston-Quincy, MA",1990,45863,25025,25025101102,2.50E+12,2.50E+12,1197,31653,0.69,2,2500250101102
14484,"Boston-Quincy, MA",1990,45863,25025,25025110101,2.50E+12,2.50E+12,26,4999,0.109,1,2500250110101
14484,"Boston-Quincy, MA",1990,45863,25025,25025110102,2.50E+12,2.50E+12,1273,29537,0.644,1,2500250110102
14484,"Boston-Quincy, MA",1990,45863,25025,25025110200,25002501102,2.50E+12,433,26490,0.578,1,25002501102
14484,"Boston-Quincy, MA",1990,45863,25025,25025110300,25002501103,2.50E+12,573,41975,0.915,3,25002501103
14484,"Boston-Quincy, MA",1990,45863,25025,25025110401,2.50E+12,2.50E+12,917,36616,0.798,2,2500250110401
14484,"Boston-Quincy, MA",1990,45863,25025,25025110402,2.50E+12,2.50E+12,1028,46500,1.014,4,2500250110402
14484,"Boston-Quincy, MA",1990,45863,25025,25025110501,2.50E+12,2.50E+12,883,55479,1.21,4,2500250110501
14484,"Boston-Quincy, MA",1990,45863,25025,25025110502,2.50E+12,2.50E+12,983,35562,0.775,2,2500250110502
14484,"Boston-Quincy, MA",1990,45863,25025,25025110601,2.50E+12,2.50E+12,689,62709,1.367,5,2500250110601
14484,"Boston-Quincy, MA",1990,45863,25025,25025110602,2.50E+12,2.50E+12,1201,44517,0.971,3,2500250110602
14484,"Boston-Quincy, MA",1990,45863,25025,25025120100,25002501201,2.50E+12,1428,56131,1.224,4,25002501201
14484,"Boston-Quincy, MA",1990,45863,25025,25025120200,25002501202,2.50E+12,859,30172,0.658,1,25002501202
14484,"Boston-Quincy, MA",1990,45863,25025,25025120300,25002501203,2.50E+12,1083,29267,0.638,1,25002501203
14484,"Boston-Quincy, MA",1990,45863,25025,25025120400,25002501204,2.50E+12,992,44352,0.967,3,25002501204
14484,"Boston-Quincy, MA",1990,45863,25025,25025120500,25002501205,2.50E+12,535,22557,0.492,1,25002501205
14484,"Boston-Quincy, MA",1990,45863,25025,25025120600,25002501206,2.50E+12,471,36202,0.789,2,25002501206
14484,"Boston-Quincy, MA",1990,45863,25025,25025120700,25002501207,2.50E+12,413,38105,0.831,3,25002501207
14484,"Boston-Quincy, MA",1990,45863,25025,25025130100,25002501301,2.50E+12,1421,51776,1.129,4,25002501301
14484,"Boston-Quincy, MA",1990,45863,25025,25025130200,25002501302,2.50E+12,1271,56052,1.222,4,25002501302
14484,"Boston-Quincy, MA",1990,45863,25025,25025130300,25002501303,2.50E+12,1174,60282,1.314,5,25002501303
14484,"Boston-Quincy, MA",1990,45863,25025,25025130401,2.50E+12,2.50E+12,1726,37102,0.809,3,2500250130401
14484,"Boston-Quincy, MA",1990,45863,25025,25025130402,2.50E+12,2.50E+12,1269,45218,0.986,3,2500250130402
14484,"Boston-Quincy, MA",1990,45863,25025,25025140101,2.50E+12,2.50E+12,2092,37708,0.822,3,2500250140101
14484,"Boston-Quincy, MA",1990,45863,25025,25025140102,2.50E+12,2.50E+12,1072,42625,0.929,3,2500250140102
14484,"Boston-Quincy, MA",1990,45863,25025,25025140200,25002501402,2.50E+12,1894,42246,0.921,3,25002501402
14484,"Boston-Quincy, MA",1990,45863,25025,25025140300,25002501403,2.50E+12,1260,36894,0.804,3,25002501403
14484,"Boston-Quincy, MA",1990,45863,25025,25025140400,25002501404,2.50E+12,1875,45608,0.994,3,25002501404
14484,"Boston-Quincy, MA",1990,45863,25025,25025150100,25002501501,2.50E+12,0,,,,25002501501
14484,"Boston-Quincy, MA",1990,45863,25025,25025160100,25002501601,2.50E+12,1395,29493,0.643,1,25002501601
14484,"Boston-Quincy, MA",1990,45863,25025,25025160200,25002501602,2.50E+12,803,22772,0.497,1,25002501602
14484,"Boston-Quincy, MA",1990,45863,25025,25025160300,25002501603,2.50E+12,166,49048,1.069,4,25002501603
14484,"Boston-Quincy, MA",1990,45863,25025,25025160400,25002501604,2.50E+12,639,17011,0.371,1,25002501604
14484,"Boston-Quincy, MA",1990,45863,25025,25025160500,25002501605,2.50E+12,1813,29675,0.647,1,25002501605
14484,"Boston-Quincy, MA",1990,45863,25025,25025160600,25002501606,2.50E+12,1688,36667,0.799,2,25002501606
14484,"Boston-Quincy, MA",1990,45863,25025,25025160700,25002501607,2.50E+12,0,,,,25002501607
14484,"Boston-Quincy, MA",1990,45863,25025,25025170100,25002501701,2.50E+12,1758,42000,0.916,3,25002501701
14484,"Boston-Quincy, MA",1990,45863,25025,25025170200,25002501702,2.50E+12,1187,37178,0.811,3,25002501702
14484,"Boston-Quincy, MA",1990,45863,25025,25025170300,25002501703,2.50E+12,1777,40747,0.888,3,25002501703
14484,"Boston-Quincy, MA",1990,45863,25025,25025170400,25002501704,2.50E+12,1222,34052,0.742,2,25002501704
14484,"Boston-Quincy, MA",1990,45863,25025,25025170500,25002501705,2.50E+12,1257,37861,0.826,3,25002501705
14484,"Boston-Quincy, MA",1990,45863,25025,25025170600,25002501706,2.50E+12,1259,35724,0.779,2,25002501706
14484,"Boston-Quincy, MA",1990,45863,25025,25025170700,25002501707,2.50E+12,1765,30914,0.674,2,25002501707
14484,"Boston-Quincy, MA",1990,45863,25025,25025170800,25002501708,2.50E+12,1121,38719,0.844,3,25002501708
14484,"Boston-Quincy, MA",1990,45863,25025,25025180100,25002501801,2.50E+12,1120,46136,1.006,4,25002501801
14484,"Boston-Quincy, MA",1990,45863,25025,25025180200,25002501802,2.50E+12,1059,42140,0.919,3,25002501802
14484,"Boston-Quincy, MA",1990,45863,25025,25025180300,25002501803,2.50E+12,921,50883,1.109,4,25002501803
14484,"Boston-Quincy, MA",1990,45863,25025,25025180400,25002501804,2.50E+12,481,48566,1.059,4,25002501804
14484,"Boston-Quincy, MA",1990,45863,25025,25025180500,25002501805,2.50E+12,987,42090,0.918,3,25002501805
