metro,metname,year,metmedfinc,conum,trnum,gisjoin2,gisjoin3,totfam,medfinc,medfincratio,medcat,gisjoin_mod
14484,"Boston-Quincy, MA",1980,21235,25021,25021400100,25002104001,2.50E+12,833,31320,1.475,5,25002104001
14484,"Boston-Quincy, MA",1980,21235,25021,25021400200,25002104002,2.50E+12,1217,19418,0.914,3,25002104002
14484,"Boston-Quincy, MA",1980,21235,25021,25021400300,25002104003,2.50E+12,865,23228,1.094,4,25002104003
14484,"Boston-Quincy, MA",1980,21235,25021,25021400400,25002104004,2.50E+12,1226,23548,1.109,4,25002104004
14484,"Boston-Quincy, MA",1980,21235,25021,25021400500,25002104005,2.50E+12,1045,26913,1.267,5,25002104005
14484,"Boston-Quincy, MA",1980,21235,25021,25021400600,25002104006,2.50E+12,973,29028,1.367,5,25002104006
14484,"Boston-Quincy, MA",1980,21235,25021,25021400700,25002104007,2.50E+12,755,23492,1.106,4,25002104007
14484,"Boston-Quincy, MA",1980,21235,25021,25021400800,25002104008,2.50E+12,982,21143,0.996,3,25002104008
14484,"Boston-Quincy, MA",1980,21235,25021,25021400900,25002104009,2.50E+12,845,15569,0.733,2,25002104009
14484,"Boston-Quincy, MA",1980,21235,25021,25021401000,25002104010,2.50E+12,781,21091,0.993,3,25002104010
14484,"Boston-Quincy, MA",1980,21235,25021,25021401100,25002104011,2.50E+12,1093,44712,2.106,6,25002104011
14484,"Boston-Quincy, MA",1980,21235,25021,25021401200,25002104012,2.50E+12,1619,35994,1.695,6,25002104012
14484,"Boston-Quincy, MA",1980,21235,25021,25021402100,25002104021,2.50E+12,2263,21612,1.018,4,25002104021
14484,"Boston-Quincy, MA",1980,21235,25021,25021402200,25002104022,2.50E+12,669,23355,1.1,4,25002104022
14484,"Boston-Quincy, MA",1980,21235,25021,25021402300,25002104023,2.50E+12,1350,26506,1.248,4,25002104023
14484,"Boston-Quincy, MA",1980,21235,25021,25021402400,25002104024,2.50E+12,1533,26588,1.252,5,25002104024
14484,"Boston-Quincy, MA",1980,21235,25021,25021402500,25002104025,2.50E+12,816,34537,1.626,6,25002104025
14484,"Boston-Quincy, MA",1980,21235,25021,25021403100,25002104031,2.50E+12,1936,33430,1.574,6,25002104031
14484,"Boston-Quincy, MA",1980,21235,25021,25021403200,25002104032,2.50E+12,1081,33506,1.578,6,25002104032
14484,"Boston-Quincy, MA",1980,21235,25021,25021403300,25002104033,2.50E+12,1072,35000,1.648,6,25002104033
14484,"Boston-Quincy, MA",1980,21235,25021,25021403400,25002104034,2.50E+12,2045,31011,1.46,5,25002104034
14484,"Boston-Quincy, MA",1980,21235,25021,25021403500,25002104035,2.50E+12,1431,28502,1.342,5,25002104035
14484,"Boston-Quincy, MA",1980,21235,25021,25021404100,25002104041,2.50E+12,498,29062,1.369,5,25002104041
14484,"Boston-Quincy, MA",1980,21235,25021,25021404200,25002104042,2.50E+12,2471,38502,1.813,6,25002104042
14484,"Boston-Quincy, MA",1980,21235,25021,25021404300,25002104043,2.50E+12,2539,34572,1.628,6,25002104043
14484,"Boston-Quincy, MA",1980,21235,25021,25021404400,25002104044,2.50E+12,1057,43429,2.045,6,25002104044
14484,"Boston-Quincy, MA",1980,21235,25021,25021405100,25002104051,2.50E+12,1289,43146,2.032,6,25002104051
14484,"Boston-Quincy, MA",1980,21235,25021,25021406101,2.50E+12,2.50E+12,1176,33449,1.575,6,2500210406101
14484,"Boston-Quincy, MA",1980,21235,25021,25021406102,2.50E+12,2.50E+12,1417,34312,1.616,6,2500210406102
14484,"Boston-Quincy, MA",1980,21235,25021,25021407100,25002104071,2.50E+12,1841,24854,1.17,4,25002104071
14484,"Boston-Quincy, MA",1980,21235,25021,25021408100,25002104081,2.50E+12,2115,25746,1.212,4,25002104081
14484,"Boston-Quincy, MA",1980,21235,25021,25021409100,25002104091,2.50E+12,1412,27568,1.298,5,25002104091
14484,"Boston-Quincy, MA",1980,21235,25021,25021410100,25002104101,2.50E+12,1381,25312,1.192,4,25002104101
14484,"Boston-Quincy, MA",1980,21235,25021,25021410200,25002104102,2.50E+12,43,9479,0.446,1,25002104102
14484,"Boston-Quincy, MA",1980,21235,25021,25021410300,25002104103,2.50E+12,788,26339,1.24,4,25002104103
14484,"Boston-Quincy, MA",1980,21235,25021,25021410400,25002104104,2.50E+12,1400,24359,1.147,4,25002104104
14484,"Boston-Quincy, MA",1980,21235,25021,25021411100,25002104111,2.50E+12,1767,26781,1.261,5,25002104111
14484,"Boston-Quincy, MA",1980,21235,25021,25021411200,25002104112,2.50E+12,1384,24808,1.168,4,25002104112
14484,"Boston-Quincy, MA",1980,21235,25021,25021411300,25002104113,2.50E+12,1536,30237,1.424,5,25002104113
14484,"Boston-Quincy, MA",1980,21235,25021,25021412100,25002104121,2.50E+12,1583,32365,1.524,6,25002104121
14484,"Boston-Quincy, MA",1980,21235,25021,25021412200,25002104122,2.50E+12,729,32630,1.537,6,25002104122
14484,"Boston-Quincy, MA",1980,21235,25021,25021412300,25002104123,2.50E+12,1356,30924,1.456,5,25002104123
14484,"Boston-Quincy, MA",1980,21235,25021,25021413100,25002104131,2.50E+12,1667,24814,1.169,4,25002104131
14484,"Boston-Quincy, MA",1980,21235,25021,25021413200,25002104132,2.50E+12,1567,22821,1.075,4,25002104132
14484,"Boston-Quincy, MA",1980,21235,25021,25021413300,25002104133,2.50E+12,1327,28372,1.336,5,25002104133
14484,"Boston-Quincy, MA",1980,21235,25021,25021413400,25002104134,2.50E+12,1903,24993,1.177,4,25002104134
14484,"Boston-Quincy, MA",1980,21235,25021,25021413500,25002104135,2.50E+12,1017,19980,0.941,3,25002104135
14484,"Boston-Quincy, MA",1980,21235,25021,25021414100,25002104141,2.50E+12,1026,29375,1.383,5,25002104141
14484,"Boston-Quincy, MA",1980,21235,25021,25021414200,25002104142,2.50E+12,1442,32653,1.538,6,25002104142
14484,"Boston-Quincy, MA",1980,21235,25021,25021414300,25002104143,2.50E+12,1328,26972,1.27,5,25002104143
14484,"Boston-Quincy, MA",1980,21235,25021,25021415100,25002104151,2.50E+12,2793,26626,1.254,5,25002104151
14484,"Boston-Quincy, MA",1980,21235,25021,25021415200,25002104152,2.50E+12,901,31098,1.464,5,25002104152
14484,"Boston-Quincy, MA",1980,21235,25021,25021415300,25002104153,2.50E+12,924,31992,1.507,6,25002104153
14484,"Boston-Quincy, MA",1980,21235,25021,25021416100,25002104161,2.50E+12,1844,31825,1.499,5,25002104161
14484,"Boston-Quincy, MA",1980,21235,25021,25021416200,25002104162,2.50E+12,1948,25922,1.221,4,25002104162
14484,"Boston-Quincy, MA",1980,21235,25021,25021416300,25002104163,2.50E+12,1198,27432,1.292,5,25002104163
14484,"Boston-Quincy, MA",1980,21235,25021,25021416400,25002104164,2.50E+12,1749,30580,1.44,5,25002104164
14484,"Boston-Quincy, MA",1980,21235,25021,25021417100,25002104171,2.50E+12,1265,25131,1.183,4,25002104171
14484,"Boston-Quincy, MA",1980,21235,25021,25021417200,25002104172,2.50E+12,2019,23443,1.104,4,25002104172
14484,"Boston-Quincy, MA",1980,21235,25021,25021417300,25002104173,2.50E+12,108,11000,0.518,1,25002104173
14484,"Boston-Quincy, MA",1980,21235,25021,25021417400,25002104174,2.50E+12,801,24943,1.175,4,25002104174
14484,"Boston-Quincy, MA",1980,21235,25021,25021417500,25002104175,2.50E+12,2533,21540,1.014,4,25002104175
14484,"Boston-Quincy, MA",1980,21235,25021,25021417600,25002104176,2.50E+12,2323,21860,1.029,4,25002104176
14484,"Boston-Quincy, MA",1980,21235,25021,25021417700,25002104177,2.50E+12,1697,21815,1.027,4,25002104177
14484,"Boston-Quincy, MA",1980,21235,25021,25021417800,25002104178,2.50E+12,2480,19432,0.915,3,25002104178
14484,"Boston-Quincy, MA",1980,21235,25021,25021417900,25002104179,2.50E+12,2361,18266,0.86,3,25002104179
14484,"Boston-Quincy, MA",1980,21235,25021,25021418000,25002104180,2.50E+12,2839,20077,0.945,3,25002104180
14484,"Boston-Quincy, MA",1980,21235,25021,25021418100,25002104181,2.50E+12,1760,22564,1.063,4,25002104181
14484,"Boston-Quincy, MA",1980,21235,25021,25021418200,25002104182,2.50E+12,1499,23078,1.087,4,25002104182
14484,"Boston-Quincy, MA",1980,21235,25021,25021419100,25002104191,2.50E+12,1536,26325,1.24,4,25002104191
14484,"Boston-Quincy, MA",1980,21235,25021,25021419200,25002104192,2.50E+12,1305,23066,1.086,4,25002104192
14484,"Boston-Quincy, MA",1980,21235,25021,25021419300,25002104193,2.50E+12,1198,22049,1.038,4,25002104193
14484,"Boston-Quincy, MA",1980,21235,25021,25021419400,25002104194,2.50E+12,866,22428,1.056,4,25002104194
14484,"Boston-Quincy, MA",1980,21235,25021,25021419500,25002104195,2.50E+12,888,25031,1.179,4,25002104195
14484,"Boston-Quincy, MA",1980,21235,25021,25021419600,25002104196,2.50E+12,1298,27867,1.312,5,25002104196
14484,"Boston-Quincy, MA",1980,21235,25021,25021419700,25002104197,2.50E+12,1005,27451,1.293,5,25002104197
14484,"Boston-Quincy, MA",1980,21235,25021,25021419800,25002104198,2.50E+12,1218,25575,1.204,4,25002104198
14484,"Boston-Quincy, MA",1980,21235,25021,25021420100,25002104201,2.50E+12,2052,23107,1.088,4,25002104201
14484,"Boston-Quincy, MA",1980,21235,25021,25021420200,25002104202,2.50E+12,2034,25913,1.22,4,25002104202
14484,"Boston-Quincy, MA",1980,21235,25021,25021420300,25002104203,2.50E+12,3426,22950,1.081,4,25002104203
14484,"Boston-Quincy, MA",1980,21235,25021,25021421100,25002104211,2.50E+12,1241,21520,1.013,4,25002104211
14484,"Boston-Quincy, MA",1980,21235,25021,25021421200,25002104212,2.50E+12,1618,24669,1.162,4,25002104212
14484,"Boston-Quincy, MA",1980,21235,25021,25021422100,25002104221,2.50E+12,1257,25776,1.214,4,25002104221
14484,"Boston-Quincy, MA",1980,21235,25021,25021422200,25002104222,2.50E+12,1960,22022,1.037,4,25002104222
14484,"Boston-Quincy, MA",1980,21235,25021,25021422300,25002104223,2.50E+12,2233,24754,1.166,4,25002104223
14484,"Boston-Quincy, MA",1980,21235,25021,25021422400,25002104224,2.50E+12,1981,21601,1.017,4,25002104224
14484,"Boston-Quincy, MA",1980,21235,25021,25021422500,25002104225,2.50E+12,2468,20245,0.953,3,25002104225
14484,"Boston-Quincy, MA",1980,21235,25021,25021422600,25002104226,2.50E+12,1860,25102,1.182,4,25002104226
14484,"Boston-Quincy, MA",1980,21235,25021,25021422700,25002104227,2.50E+12,1184,23906,1.126,4,25002104227
14484,"Boston-Quincy, MA",1980,21235,25021,25021422800,25002104228,2.50E+12,1161,20584,0.969,3,25002104228
14484,"Boston-Quincy, MA",1980,21235,25021,25021423100,25002104231,2.50E+12,1874,30176,1.421,5,25002104231
14484,"Boston-Quincy, MA",1980,21235,25021,25021440100,25002104401,2.50E+12,1570,21736,1.024,4,25002104401
14484,"Boston-Quincy, MA",1980,21235,25021,25021441100,25002104411,2.50E+12,15,21250,1.001,4,25002104411
14484,"Boston-Quincy, MA",1980,21235,25021,25021441200,25002104412,2.50E+12,1707,23792,1.12,4,25002104412
14484,"Boston-Quincy, MA",1980,21235,25021,25021442100,25002104421,2.50E+12,2830,25852,1.217,4,25002104421
14484,"Boston-Quincy, MA",1980,21235,25021,25021442200,25002104422,2.50E+12,1667,19475,0.917,3,25002104422
14484,"Boston-Quincy, MA",1980,21235,25021,25021443100,25002104431,2.50E+12,3721,22724,1.07,4,25002104431
14484,"Boston-Quincy, MA",1980,21235,25021,25021456101,2.50E+12,2.50E+12,1007,23014,1.084,4,2500210456101
14484,"Boston-Quincy, MA",1980,21235,25021,25021456102,2.50E+12,2.50E+12,1196,22225,1.047,4,2500210456102
14484,"Boston-Quincy, MA",1980,21235,25021,25021456200,25002104562,2.50E+12,686,25103,1.182,4,25002104562
14484,"Boston-Quincy, MA",1980,21235,25021,25021456300,25002104563,2.50E+12,2027,22184,1.045,4,25002104563
14484,"Boston-Quincy, MA",1980,21235,25021,25021456401,2.50E+12,2.50E+12,823,21461,1.011,4,2500210456401
14484,"Boston-Quincy, MA",1980,21235,25021,25021456402,2.50E+12,2.50E+12,1183,26351,1.241,4,2500210456402
14484,"Boston-Quincy, MA",1980,21235,25021,25021457100,25002104571,2.50E+12,1294,22244,1.047,4,25002104571
14484,"Boston-Quincy, MA",1980,21235,25023,25023500101,2.50E+12,2.50E+12,973,21089,0.993,3,2500230500101
14484,"Boston-Quincy, MA",1980,21235,25023,25023500102,2.50E+12,2.50E+12,1468,18548,0.873,3,2500230500102
14484,"Boston-Quincy, MA",1980,21235,25023,25023501101,2.50E+12,2.50E+12,943,27880,1.313,5,2500230501101
14484,"Boston-Quincy, MA",1980,21235,25023,25023501102,2.50E+12,2.50E+12,1810,26105,1.229,4,2500230501102
14484,"Boston-Quincy, MA",1980,21235,25023,25023501200,25002305012,2.50E+12,2505,34210,1.611,6,25002305012
14484,"Boston-Quincy, MA",1980,21235,25023,25023502100,25002305021,2.50E+12,2606,19239,0.906,3,25002305021
14484,"Boston-Quincy, MA",1980,21235,25023,25023502200,25002305022,2.50E+12,1277,20535,0.967,3,25002305022
14484,"Boston-Quincy, MA",1980,21235,25023,25023503100,25002305031,2.50E+12,2846,27034,1.273,5,25002305031
14484,"Boston-Quincy, MA",1980,21235,25023,25023504100,25002305041,2.50E+12,2414,30112,1.418,5,25002305041
14484,"Boston-Quincy, MA",1980,21235,25023,25023505101,2.50E+12,2.50E+12,1753,27065,1.275,5,2500230505101
14484,"Boston-Quincy, MA",1980,21235,25023,25023505102,2.50E+12,2.50E+12,1202,30848,1.453,5,2500230505102
14484,"Boston-Quincy, MA",1980,21235,25023,25023505200,25002305052,2.50E+12,1590,27375,1.289,5,25002305052
14484,"Boston-Quincy, MA",1980,21235,25023,25023506101,2.50E+12,2.50E+12,1395,27231,1.282,5,2500230506101
14484,"Boston-Quincy, MA",1980,21235,25023,25023506102,2.50E+12,2.50E+12,1157,24330,1.146,4,2500230506102
14484,"Boston-Quincy, MA",1980,21235,25023,25023506201,2.50E+12,2.50E+12,2332,20813,0.98,3,2500230506201
14484,"Boston-Quincy, MA",1980,21235,25023,25023506202,2.50E+12,2.50E+12,566,29952,1.41,5,2500230506202
14484,"Boston-Quincy, MA",1980,21235,25023,25023507100,25002305071,2.50E+12,3188,30333,1.428,5,25002305071
14484,"Boston-Quincy, MA",1980,21235,25023,25023508101,2.50E+12,2.50E+12,1057,23279,1.096,4,2500230508101
14484,"Boston-Quincy, MA",1980,21235,25023,25023508102,2.50E+12,2.50E+12,1285,20029,0.943,3,2500230508102
14484,"Boston-Quincy, MA",1980,21235,25023,25023508200,25002305082,2.50E+12,1153,22946,1.081,4,25002305082
14484,"Boston-Quincy, MA",1980,21235,25023,25023509100,25002305091,2.50E+12,1967,21239,1,4,25002305091
14484,"Boston-Quincy, MA",1980,21235,25023,25023510100,25002305101,2.50E+12,1478,21489,1.012,4,25002305101
14484,"Boston-Quincy, MA",1980,21235,25023,25023510200,25002305102,2.50E+12,1531,20707,0.975,3,25002305102
14484,"Boston-Quincy, MA",1980,21235,25023,25023510300,25002305103,2.50E+12,862,13633,0.642,1,25002305103
14484,"Boston-Quincy, MA",1980,21235,25023,25023510400,25002305104,2.50E+12,915,12164,0.573,1,25002305104
14484,"Boston-Quincy, MA",1980,21235,25023,25023510501,2.50E+12,2.50E+12,903,20267,0.954,3,2500230510501
14484,"Boston-Quincy, MA",1980,21235,25023,25023510502,2.50E+12,2.50E+12,1458,16756,0.789,2,2500230510502
14484,"Boston-Quincy, MA",1980,21235,25023,25023510503,2.50E+12,2.50E+12,1113,16743,0.788,2,2500230510503
14484,"Boston-Quincy, MA",1980,21235,25023,25023510600,25002305106,2.50E+12,822,23379,1.101,4,25002305106
14484,"Boston-Quincy, MA",1980,21235,25023,25023510700,25002305107,2.50E+12,1514,20352,0.958,3,25002305107
14484,"Boston-Quincy, MA",1980,21235,25023,25023510800,25002305108,2.50E+12,1376,13972,0.658,1,25002305108
14484,"Boston-Quincy, MA",1980,21235,25023,25023510900,25002305109,2.50E+12,457,7516,0.354,1,25002305109
14484,"Boston-Quincy, MA",1980,21235,25023,25023511000,25002305110,2.50E+12,608,14167,0.667,2,25002305110
14484,"Boston-Quincy, MA",1980,21235,25023,25023511100,25002305111,2.50E+12,1630,20778,0.978,3,25002305111
14484,"Boston-Quincy, MA",1980,21235,25023,25023511200,25002305112,2.50E+12,1116,17969,0.846,3,25002305112
14484,"Boston-Quincy, MA",1980,21235,25023,25023511301,2.50E+12,2.50E+12,1225,17356,0.817,3,2500230511301
14484,"Boston-Quincy, MA",1980,21235,25023,25023511302,2.50E+12,2.50E+12,1031,19904,0.937,3,2500230511302
14484,"Boston-Quincy, MA",1980,21235,25023,25023511400,25002305114,2.50E+12,874,13817,0.651,1,25002305114
14484,"Boston-Quincy, MA",1980,21235,25023,25023511500,25002305115,2.50E+12,1081,16113,0.759,2,25002305115
14484,"Boston-Quincy, MA",1980,21235,25023,25023511600,25002305116,2.50E+12,1668,18493,0.871,3,25002305116
14484,"Boston-Quincy, MA",1980,21235,25023,25023511701,2.50E+12,2.50E+12,1327,25129,1.183,4,2500230511701
14484,"Boston-Quincy, MA",1980,21235,25023,25023511702,2.50E+12,2.50E+12,777,23327,1.098,4,2500230511702
14484,"Boston-Quincy, MA",1980,21235,25023,25023520100,25002305201,2.50E+12,1566,22216,1.046,4,25002305201
14484,"Boston-Quincy, MA",1980,21235,25023,25023520201,2.50E+12,2.50E+12,968,21930,1.033,4,2500230520201
14484,"Boston-Quincy, MA",1980,21235,25023,25023520202,2.50E+12,2.50E+12,811,23931,1.127,4,2500230520202
14484,"Boston-Quincy, MA",1980,21235,25023,25023521101,2.50E+12,2.50E+12,947,21889,1.031,4,2500230521101
14484,"Boston-Quincy, MA",1980,21235,25023,25023521102,2.50E+12,2.50E+12,806,19916,0.938,3,2500230521102
14484,"Boston-Quincy, MA",1980,21235,25023,25023521201,2.50E+12,2.50E+12,736,20062,0.945,3,2500230521201
14484,"Boston-Quincy, MA",1980,21235,25023,25023521202,2.50E+12,2.50E+12,944,21628,1.018,4,2500230521202
14484,"Boston-Quincy, MA",1980,21235,25023,25023522101,2.50E+12,2.50E+12,1035,21801,1.027,4,2500230522101
14484,"Boston-Quincy, MA",1980,21235,25023,25023522102,2.50E+12,2.50E+12,1176,21549,1.015,4,2500230522102
14484,"Boston-Quincy, MA",1980,21235,25023,25023523100,25002305231,2.50E+12,661,19145,0.902,3,25002305231
14484,"Boston-Quincy, MA",1980,21235,25023,25023523201,2.50E+12,2.50E+12,630,23594,1.111,4,2500230523201
14484,"Boston-Quincy, MA",1980,21235,25023,25023523202,2.50E+12,2.50E+12,1304,21168,0.997,3,2500230523202
14484,"Boston-Quincy, MA",1980,21235,25023,25023524101,2.50E+12,2.50E+12,730,22536,1.061,4,2500230524101
14484,"Boston-Quincy, MA",1980,21235,25023,25023524102,2.50E+12,2.50E+12,1012,23092,1.087,4,2500230524102
14484,"Boston-Quincy, MA",1980,21235,25023,25023525101,2.50E+12,2.50E+12,1364,22178,1.044,4,2500230525101
14484,"Boston-Quincy, MA",1980,21235,25023,25023525102,2.50E+12,2.50E+12,1104,22384,1.054,4,2500230525102
14484,"Boston-Quincy, MA",1980,21235,25023,25023525200,25002305252,2.50E+12,1253,19913,0.938,3,25002305252
14484,"Boston-Quincy, MA",1980,21235,25023,25023525300,25002305253,2.50E+12,55,24250,1.142,4,25002305253
14484,"Boston-Quincy, MA",1980,21235,25023,25023526100,25002305261,2.50E+12,1484,19360,0.912,3,25002305261
14484,"Boston-Quincy, MA",1980,21235,25023,25023530100,25002305301,2.50E+12,809,20617,0.971,3,25002305301
14484,"Boston-Quincy, MA",1980,21235,25023,25023530200,25002305302,2.50E+12,928,16585,0.781,2,25002305302
14484,"Boston-Quincy, MA",1980,21235,25023,25023530300,25002305303,2.50E+12,1003,17245,0.812,3,25002305303
14484,"Boston-Quincy, MA",1980,21235,25023,25023530400,25002305304,2.50E+12,1444,23622,1.112,4,25002305304
14484,"Boston-Quincy, MA",1980,21235,25023,25023530500,25002305305,2.50E+12,1147,20186,0.951,3,25002305305
14484,"Boston-Quincy, MA",1980,21235,25023,25023530600,25002305306,2.50E+12,938,21701,1.022,4,25002305306
14484,"Boston-Quincy, MA",1980,21235,25023,25023530700,25002305307,2.50E+12,577,17312,0.815,3,25002305307
14484,"Boston-Quincy, MA",1980,21235,25023,25023530800,25002305308,2.50E+12,1569,16796,0.791,2,25002305308
14484,"Boston-Quincy, MA",1980,21235,25023,25023530900,25002305309,2.50E+12,1106,21017,0.99,3,25002305309
14484,"Boston-Quincy, MA",1980,21235,25023,25023540100,25002305401,2.50E+12,1570,21067,0.992,3,25002305401
14484,"Boston-Quincy, MA",1980,21235,25023,25023541100,25002305411,2.50E+12,923,20625,0.971,3,25002305411
14484,"Boston-Quincy, MA",1980,21235,25023,25023542100,25002305421,2.50E+12,1387,20345,0.958,3,25002305421
14484,"Boston-Quincy, MA",1980,21235,25023,25023542200,25002305422,2.50E+12,1030,17260,0.813,3,25002305422
14484,"Boston-Quincy, MA",1980,21235,25023,25023542300,25002305423,2.50E+12,1730,17294,0.814,3,25002305423
14484,"Boston-Quincy, MA",1980,21235,25023,25023543100,25002305431,2.50E+12,523,21424,1.009,4,25002305431
14484,"Boston-Quincy, MA",1980,21235,25023,25023544100,25002305441,2.50E+12,1088,20401,0.961,3,25002305441
14484,"Boston-Quincy, MA",1980,21235,25023,25023544200,25002305442,2.50E+12,814,17213,0.811,3,25002305442
14484,"Boston-Quincy, MA",1980,21235,25023,25023545100,25002305451,2.50E+12,1359,15842,0.746,2,25002305451
14484,"Boston-Quincy, MA",1980,21235,25023,25023545200,25002305452,2.50E+12,1342,15434,0.727,2,25002305452
14484,"Boston-Quincy, MA",1980,21235,25023,25023545300,25002305453,2.50E+12,982,14505,0.683,2,25002305453
14484,"Boston-Quincy, MA",1980,21235,25023,25023545400,25002305454,2.50E+12,1337,15519,0.731,2,25002305454
14484,"Boston-Quincy, MA",1980,21235,25023,25023560100,25002305601,2.50E+12,1602,23430,1.103,4,25002305601
14484,"Boston-Quincy, MA",1980,21235,25023,25023561100,25002305611,2.50E+12,1093,22485,1.059,4,25002305611
14484,"Boston-Quincy, MA",1980,21235,25025,25025000100,25002500001,2.50E+12,846,18627,0.877,3,25002500001
14484,"Boston-Quincy, MA",1980,21235,25025,25025000201,2.50E+12,2.50E+12,799,20436,0.962,3,2500250000201
14484,"Boston-Quincy, MA",1980,21235,25025,25025000202,2.50E+12,2.50E+12,944,16646,0.784,2,2500250000202
14484,"Boston-Quincy, MA",1980,21235,25025,25025000300,25002500003,2.50E+12,1258,20065,0.945,3,25002500003
14484,"Boston-Quincy, MA",1980,21235,25025,25025000400,25002500004,2.50E+12,1529,17410,0.82,3,25002500004
14484,"Boston-Quincy, MA",1980,21235,25025,25025000500,25002500005,2.50E+12,1165,14443,0.68,2,25002500005
14484,"Boston-Quincy, MA",1980,21235,25025,25025000601,2.50E+12,2.50E+12,606,19387,0.913,3,2500250000601
14484,"Boston-Quincy, MA",1980,21235,25025,25025000602,2.50E+12,2.50E+12,720,9571,0.451,1,2500250000602
14484,"Boston-Quincy, MA",1980,21235,25025,25025000701,2.50E+12,2.50E+12,511,16157,0.761,2,2500250000701
14484,"Boston-Quincy, MA",1980,21235,25025,25025000702,2.50E+12,2.50E+12,727,13942,0.657,1,2500250000702
14484,"Boston-Quincy, MA",1980,21235,25025,25025000800,25002500008,2.50E+12,1343,16019,0.754,2,25002500008
14484,"Boston-Quincy, MA",1980,21235,25025,25025010101,2.50E+12,2.50E+12,217,18542,0.873,3,2500250010101
14484,"Boston-Quincy, MA",1980,21235,25025,25025010102,2.50E+12,2.50E+12,57,18750,0.883,3,2500250010102
14484,"Boston-Quincy, MA",1980,21235,25025,25025010200,25002500102,2.50E+12,681,11431,0.538,1,25002500102
14484,"Boston-Quincy, MA",1980,21235,25025,25025010300,25002500103,2.50E+12,312,9593,0.452,1,25002500103
14484,"Boston-Quincy, MA",1980,21235,25025,25025010400,25002500104,2.50E+12,701,11411,0.537,1,25002500104
14484,"Boston-Quincy, MA",1980,21235,25025,25025010500,25002500105,2.50E+12,239,22708,1.069,4,25002500105
14484,"Boston-Quincy, MA",1980,21235,25025,25025010600,25002500106,2.50E+12,334,39545,1.862,6,25002500106
14484,"Boston-Quincy, MA",1980,21235,25025,25025010700,25002500107,2.50E+12,714,33119,1.56,6,25002500107
14484,"Boston-Quincy, MA",1980,21235,25025,25025010800,25002500108,2.50E+12,736,40870,1.925,6,25002500108
14484,"Boston-Quincy, MA",1980,21235,25025,25025020100,25002500201,2.50E+12,766,41000,1.931,6,25002500201
14484,"Boston-Quincy, MA",1980,21235,25025,25025020200,25002500202,2.50E+12,415,19784,0.932,3,25002500202
14484,"Boston-Quincy, MA",1980,21235,25025,25025020300,25002500203,2.50E+12,871,32209,1.517,6,25002500203
14484,"Boston-Quincy, MA",1980,21235,25025,25025030100,25002500301,2.50E+12,439,13919,0.655,1,25002500301
14484,"Boston-Quincy, MA",1980,21235,25025,25025030200,25002500302,2.50E+12,325,13906,0.655,1,25002500302
14484,"Boston-Quincy, MA",1980,21235,25025,25025030300,25002500303,2.50E+12,608,27857,1.312,5,25002500303
14484,"Boston-Quincy, MA",1980,21235,25025,25025030400,25002500304,2.50E+12,595,16133,0.76,2,25002500304
14484,"Boston-Quincy, MA",1980,21235,25025,25025030500,25002500305,2.50E+12,325,17812,0.839,3,25002500305
14484,"Boston-Quincy, MA",1980,21235,25025,25025030599,2.50E+12,2.50E+12,0,,,,2500250030599
14484,"Boston-Quincy, MA",1980,21235,25025,25025040100,25002500401,2.50E+12,296,25625,1.207,4,25002500401
14484,"Boston-Quincy, MA",1980,21235,25025,25025040200,25002500402,2.50E+12,302,16795,0.791,2,25002500402
14484,"Boston-Quincy, MA",1980,21235,25025,25025040300,25002500403,2.50E+12,602,18306,0.862,3,25002500403
14484,"Boston-Quincy, MA",1980,21235,25025,25025040400,25002500404,2.50E+12,617,14979,0.705,2,25002500404
14484,"Boston-Quincy, MA",1980,21235,25025,25025040500,25002500405,2.50E+12,375,17359,0.817,3,25002500405
14484,"Boston-Quincy, MA",1980,21235,25025,25025040600,25002500406,2.50E+12,67,31094,1.464,5,25002500406
14484,"Boston-Quincy, MA",1980,21235,25025,25025040700,25002500407,2.50E+12,480,19167,0.903,3,25002500407
14484,"Boston-Quincy, MA",1980,21235,25025,25025040800,25002500408,2.50E+12,382,7104,0.335,1,25002500408
14484,"Boston-Quincy, MA",1980,21235,25025,25025050100,25002500501,2.50E+12,978,9945,0.468,1,25002500501
14484,"Boston-Quincy, MA",1980,21235,25025,25025050200,25002500502,2.50E+12,930,14015,0.66,1,25002500502
14484,"Boston-Quincy, MA",1980,21235,25025,25025050300,25002500503,2.50E+12,368,8261,0.389,1,25002500503
14484,"Boston-Quincy, MA",1980,21235,25025,25025050400,25002500504,2.50E+12,440,15156,0.714,2,25002500504
14484,"Boston-Quincy, MA",1980,21235,25025,25025050500,25002500505,2.50E+12,385,12060,0.568,1,25002500505
14484,"Boston-Quincy, MA",1980,21235,25025,25025050600,25002500506,2.50E+12,378,15303,0.721,2,25002500506
14484,"Boston-Quincy, MA",1980,21235,25025,25025050700,25002500507,2.50E+12,355,12270,0.578,1,25002500507
14484,"Boston-Quincy, MA",1980,21235,25025,25025050800,25002500508,2.50E+12,539,14846,0.699,2,25002500508
14484,"Boston-Quincy, MA",1980,21235,25025,25025050900,25002500509,2.50E+12,914,13936,0.656,1,25002500509
14484,"Boston-Quincy, MA",1980,21235,25025,25025051000,25002500510,2.50E+12,1143,15845,0.746,2,25002500510
14484,"Boston-Quincy, MA",1980,21235,25025,25025051100,25002500511,2.50E+12,1464,19159,0.902,3,25002500511
14484,"Boston-Quincy, MA",1980,21235,25025,25025051200,25002500512,2.50E+12,675,15785,0.743,2,25002500512
14484,"Boston-Quincy, MA",1980,21235,25025,25025060100,25002500601,2.50E+12,869,20382,0.96,3,25002500601
14484,"Boston-Quincy, MA",1980,21235,25025,25025060200,25002500602,2.50E+12,641,22292,1.05,4,25002500602
14484,"Boston-Quincy, MA",1980,21235,25025,25025060300,25002500603,2.50E+12,891,19182,0.903,3,25002500603
14484,"Boston-Quincy, MA",1980,21235,25025,25025060400,25002500604,2.50E+12,1249,18917,0.891,3,25002500604
14484,"Boston-Quincy, MA",1980,21235,25025,25025060500,25002500605,2.50E+12,738,13864,0.653,1,25002500605
14484,"Boston-Quincy, MA",1980,21235,25025,25025060600,25002500606,2.50E+12,172,9868,0.465,1,25002500606
14484,"Boston-Quincy, MA",1980,21235,25025,25025060699,2.50E+12,2.50E+12,0,,,,2500250060699
14484,"Boston-Quincy, MA",1980,21235,25025,25025060700,25002500607,2.50E+12,433,6869,0.323,1,25002500607
14484,"Boston-Quincy, MA",1980,21235,25025,25025060800,25002500608,2.50E+12,237,15708,0.74,2,25002500608
14484,"Boston-Quincy, MA",1980,21235,25025,25025060900,25002500609,2.50E+12,473,12015,0.566,1,25002500609
14484,"Boston-Quincy, MA",1980,21235,25025,25025061000,25002500610,2.50E+12,757,8635,0.407,1,25002500610
14484,"Boston-Quincy, MA",1980,21235,25025,25025061100,25002500611,2.50E+12,500,8587,0.404,1,25002500611
14484,"Boston-Quincy, MA",1980,21235,25025,25025061200,25002500612,2.50E+12,164,17045,0.803,3,25002500612
14484,"Boston-Quincy, MA",1980,21235,25025,25025061300,25002500613,2.50E+12,130,14470,0.681,2,25002500613
14484,"Boston-Quincy, MA",1980,21235,25025,25025061400,25002500614,2.50E+12,80,11818,0.557,1,25002500614
14484,"Boston-Quincy, MA",1980,21235,25025,25025070100,25002500701,2.50E+12,293,15739,0.741,2,25002500701
14484,"Boston-Quincy, MA",1980,21235,25025,25025070200,25002500702,2.50E+12,693,10553,0.497,1,25002500702
14484,"Boston-Quincy, MA",1980,21235,25025,25025070300,25002500703,2.50E+12,346,22153,1.043,4,25002500703
14484,"Boston-Quincy, MA",1980,21235,25025,25025070400,25002500704,2.50E+12,386,12600,0.593,1,25002500704
14484,"Boston-Quincy, MA",1980,21235,25025,25025070500,25002500705,2.50E+12,914,14773,0.696,2,25002500705
14484,"Boston-Quincy, MA",1980,21235,25025,25025070600,25002500706,2.50E+12,401,29050,1.368,5,25002500706
14484,"Boston-Quincy, MA",1980,21235,25025,25025070700,25002500707,2.50E+12,252,12759,0.601,1,25002500707
14484,"Boston-Quincy, MA",1980,21235,25025,25025070800,25002500708,2.50E+12,504,13066,0.615,1,25002500708
14484,"Boston-Quincy, MA",1980,21235,25025,25025070900,25002500709,2.50E+12,571,12316,0.58,1,25002500709
14484,"Boston-Quincy, MA",1980,21235,25025,25025071000,25002500710,2.50E+12,165,16250,0.765,2,25002500710
14484,"Boston-Quincy, MA",1980,21235,25025,25025071100,25002500711,2.50E+12,107,9271,0.437,1,25002500711
14484,"Boston-Quincy, MA",1980,21235,25025,25025071200,25002500712,2.50E+12,268,8258,0.389,1,25002500712
14484,"Boston-Quincy, MA",1980,21235,25025,25025080100,25002500801,2.50E+12,88,7083,0.334,1,25002500801
14484,"Boston-Quincy, MA",1980,21235,25025,25025080200,25002500802,2.50E+12,333,14267,0.672,2,25002500802
14484,"Boston-Quincy, MA",1980,21235,25025,25025080300,25002500803,2.50E+12,526,6768,0.319,1,25002500803
14484,"Boston-Quincy, MA",1980,21235,25025,25025080400,25002500804,2.50E+12,368,11090,0.522,1,25002500804
14484,"Boston-Quincy, MA",1980,21235,25025,25025080500,25002500805,2.50E+12,1136,8285,0.39,1,25002500805
14484,"Boston-Quincy, MA",1980,21235,25025,25025080600,25002500806,2.50E+12,237,6487,0.305,1,25002500806
14484,"Boston-Quincy, MA",1980,21235,25025,25025080700,25002500807,2.50E+12,68,19062,0.898,3,25002500807
14484,"Boston-Quincy, MA",1980,21235,25025,25025080800,25002500808,2.50E+12,452,7045,0.332,1,25002500808
14484,"Boston-Quincy, MA",1980,21235,25025,25025080900,25002500809,2.50E+12,510,12907,0.608,1,25002500809
14484,"Boston-Quincy, MA",1980,21235,25025,25025081000,25002500810,2.50E+12,872,10371,0.488,1,25002500810
14484,"Boston-Quincy, MA",1980,21235,25025,25025081100,25002500811,2.50E+12,385,12731,0.6,1,25002500811
14484,"Boston-Quincy, MA",1980,21235,25025,25025081200,25002500812,2.50E+12,980,9351,0.44,1,25002500812
14484,"Boston-Quincy, MA",1980,21235,25025,25025081300,25002500813,2.50E+12,949,8242,0.388,1,25002500813
14484,"Boston-Quincy, MA",1980,21235,25025,25025081400,25002500814,2.50E+12,306,7969,0.375,1,25002500814
14484,"Boston-Quincy, MA",1980,21235,25025,25025081500,25002500815,2.50E+12,593,13194,0.621,1,25002500815
14484,"Boston-Quincy, MA",1980,21235,25025,25025081600,25002500816,2.50E+12,122,13571,0.639,1,25002500816
14484,"Boston-Quincy, MA",1980,21235,25025,25025081700,25002500817,2.50E+12,819,13498,0.636,1,25002500817
14484,"Boston-Quincy, MA",1980,21235,25025,25025081800,25002500818,2.50E+12,552,11321,0.533,1,25002500818
14484,"Boston-Quincy, MA",1980,21235,25025,25025081900,25002500819,2.50E+12,815,13012,0.613,1,25002500819
14484,"Boston-Quincy, MA",1980,21235,25025,25025082000,25002500820,2.50E+12,782,11630,0.548,1,25002500820
14484,"Boston-Quincy, MA",1980,21235,25025,25025082100,25002500821,2.50E+12,1485,9664,0.455,1,25002500821
14484,"Boston-Quincy, MA",1980,21235,25025,25025090100,25002500901,2.50E+12,1146,10914,0.514,1,25002500901
14484,"Boston-Quincy, MA",1980,21235,25025,25025090200,25002500902,2.50E+12,513,8258,0.389,1,25002500902
14484,"Boston-Quincy, MA",1980,21235,25025,25025090300,25002500903,2.50E+12,779,8958,0.422,1,25002500903
14484,"Boston-Quincy, MA",1980,21235,25025,25025090400,25002500904,2.50E+12,332,14375,0.677,2,25002500904
14484,"Boston-Quincy, MA",1980,21235,25025,25025090500,25002500905,2.50E+12,275,8869,0.418,1,25002500905
14484,"Boston-Quincy, MA",1980,21235,25025,25025090600,25002500906,2.50E+12,450,11292,0.532,1,25002500906
14484,"Boston-Quincy, MA",1980,21235,25025,25025090700,25002500907,2.50E+12,751,15878,0.748,2,25002500907
14484,"Boston-Quincy, MA",1980,21235,25025,25025090800,25002500908,2.50E+12,243,16339,0.769,2,25002500908
14484,"Boston-Quincy, MA",1980,21235,25025,25025090900,25002500909,2.50E+12,275,9810,0.462,1,25002500909
14484,"Boston-Quincy, MA",1980,21235,25025,25025091000,25002500910,2.50E+12,605,20082,0.946,3,25002500910
14484,"Boston-Quincy, MA",1980,21235,25025,25025091100,25002500911,2.50E+12,1218,18654,0.878,3,25002500911
14484,"Boston-Quincy, MA",1980,21235,25025,25025091200,25002500912,2.50E+12,802,13592,0.64,1,25002500912
14484,"Boston-Quincy, MA",1980,21235,25025,25025091300,25002500913,2.50E+12,548,11333,0.534,1,25002500913
14484,"Boston-Quincy, MA",1980,21235,25025,25025091400,25002500914,2.50E+12,494,10174,0.479,1,25002500914
14484,"Boston-Quincy, MA",1980,21235,25025,25025091500,25002500915,2.50E+12,1038,12215,0.575,1,25002500915
14484,"Boston-Quincy, MA",1980,21235,25025,25025091600,25002500916,2.50E+12,548,14762,0.695,2,25002500916
14484,"Boston-Quincy, MA",1980,21235,25025,25025091700,25002500917,2.50E+12,746,14432,0.68,2,25002500917
14484,"Boston-Quincy, MA",1980,21235,25025,25025091800,25002500918,2.50E+12,825,11214,0.528,1,25002500918
14484,"Boston-Quincy, MA",1980,21235,25025,25025091900,25002500919,2.50E+12,775,10802,0.509,1,25002500919
14484,"Boston-Quincy, MA",1980,21235,25025,25025092000,25002500920,2.50E+12,1166,13323,0.627,1,25002500920
14484,"Boston-Quincy, MA",1980,21235,25025,25025092100,25002500921,2.50E+12,1334,16538,0.779,2,25002500921
14484,"Boston-Quincy, MA",1980,21235,25025,25025092200,25002500922,2.50E+12,778,19847,0.935,3,25002500922
14484,"Boston-Quincy, MA",1980,21235,25025,25025092300,25002500923,2.50E+12,691,11250,0.53,1,25002500923
14484,"Boston-Quincy, MA",1980,21235,25025,25025092400,25002500924,2.50E+12,1414,10182,0.479,1,25002500924
14484,"Boston-Quincy, MA",1980,21235,25025,25025100100,25002501001,2.50E+12,892,9853,0.464,1,25002501001
14484,"Boston-Quincy, MA",1980,21235,25025,25025100200,25002501002,2.50E+12,620,9779,0.461,1,25002501002
14484,"Boston-Quincy, MA",1980,21235,25025,25025100300,25002501003,2.50E+12,783,15393,0.725,2,25002501003
14484,"Boston-Quincy, MA",1980,21235,25025,25025100400,25002501004,2.50E+12,1189,18507,0.872,3,25002501004
14484,"Boston-Quincy, MA",1980,21235,25025,25025100500,25002501005,2.50E+12,1253,14667,0.691,2,25002501005
14484,"Boston-Quincy, MA",1980,21235,25025,25025100601,2.50E+12,2.50E+12,1341,17278,0.814,3,2500250100601
14484,"Boston-Quincy, MA",1980,21235,25025,25025100602,2.50E+12,2.50E+12,446,20966,0.987,3,2500250100602
14484,"Boston-Quincy, MA",1980,21235,25025,25025100700,25002501007,2.50E+12,1345,21480,1.012,4,25002501007
14484,"Boston-Quincy, MA",1980,21235,25025,25025100800,25002501008,2.50E+12,1299,20488,0.965,3,25002501008
14484,"Boston-Quincy, MA",1980,21235,25025,25025100900,25002501009,2.50E+12,1036,21011,0.989,3,25002501009
14484,"Boston-Quincy, MA",1980,21235,25025,25025101001,2.50E+12,2.50E+12,1419,17467,0.823,3,2500250101001
14484,"Boston-Quincy, MA",1980,21235,25025,25025101002,2.50E+12,2.50E+12,1308,17530,0.826,3,2500250101002
14484,"Boston-Quincy, MA",1980,21235,25025,25025101101,2.50E+12,2.50E+12,755,16556,0.78,2,2500250101101
14484,"Boston-Quincy, MA",1980,21235,25025,25025101102,2.50E+12,2.50E+12,968,10857,0.511,1,2500250101102
14484,"Boston-Quincy, MA",1980,21235,25025,25025110101,2.50E+12,2.50E+12,0,,,,2500250110101
14484,"Boston-Quincy, MA",1980,21235,25025,25025110102,2.50E+12,2.50E+12,1093,14613,0.688,2,2500250110102
14484,"Boston-Quincy, MA",1980,21235,25025,25025110200,25002501102,2.50E+12,493,14125,0.665,1,25002501102
14484,"Boston-Quincy, MA",1980,21235,25025,25025110300,25002501103,2.50E+12,619,20246,0.953,3,25002501103
14484,"Boston-Quincy, MA",1980,21235,25025,25025110401,2.50E+12,2.50E+12,841,18634,0.877,3,2500250110401
14484,"Boston-Quincy, MA",1980,21235,25025,25025110402,2.50E+12,2.50E+12,1036,21624,1.018,4,2500250110402
14484,"Boston-Quincy, MA",1980,21235,25025,25025110501,2.50E+12,2.50E+12,1000,21768,1.025,4,2500250110501
14484,"Boston-Quincy, MA",1980,21235,25025,25025110502,2.50E+12,2.50E+12,1046,18591,0.875,3,2500250110502
14484,"Boston-Quincy, MA",1980,21235,25025,25025110601,2.50E+12,2.50E+12,685,24750,1.166,4,2500250110601
14484,"Boston-Quincy, MA",1980,21235,25025,25025110602,2.50E+12,2.50E+12,1427,21343,1.005,4,2500250110602
14484,"Boston-Quincy, MA",1980,21235,25025,25025120100,25002501201,2.50E+12,1506,25201,1.187,4,25002501201
14484,"Boston-Quincy, MA",1980,21235,25025,25025120200,25002501202,2.50E+12,810,12941,0.609,1,25002501202
14484,"Boston-Quincy, MA",1980,21235,25025,25025120300,25002501203,2.50E+12,1149,12539,0.59,1,25002501203
14484,"Boston-Quincy, MA",1980,21235,25025,25025120400,25002501204,2.50E+12,1065,17302,0.815,3,25002501204
14484,"Boston-Quincy, MA",1980,21235,25025,25025120500,25002501205,2.50E+12,518,10806,0.509,1,25002501205
14484,"Boston-Quincy, MA",1980,21235,25025,25025120600,25002501206,2.50E+12,558,15833,0.746,2,25002501206
14484,"Boston-Quincy, MA",1980,21235,25025,25025120700,25002501207,2.50E+12,463,14665,0.691,2,25002501207
14484,"Boston-Quincy, MA",1980,21235,25025,25025130100,25002501301,2.50E+12,1717,23637,1.113,4,25002501301
14484,"Boston-Quincy, MA",1980,21235,25025,25025130200,25002501302,2.50E+12,1348,25000,1.177,4,25002501302
14484,"Boston-Quincy, MA",1980,21235,25025,25025130300,25002501303,2.50E+12,1320,27194,1.281,5,25002501303
14484,"Boston-Quincy, MA",1980,21235,25025,25025130401,2.50E+12,2.50E+12,1788,17465,0.822,3,2500250130401
14484,"Boston-Quincy, MA",1980,21235,25025,25025130402,2.50E+12,2.50E+12,1406,23750,1.118,4,2500250130402
14484,"Boston-Quincy, MA",1980,21235,25025,25025140101,2.50E+12,2.50E+12,2140,17902,0.843,3,2500250140101
14484,"Boston-Quincy, MA",1980,21235,25025,25025140102,2.50E+12,2.50E+12,1110,21011,0.989,3,2500250140102
14484,"Boston-Quincy, MA",1980,21235,25025,25025140200,25002501402,2.50E+12,2092,20849,0.982,3,25002501402
14484,"Boston-Quincy, MA",1980,21235,25025,25025140300,25002501403,2.50E+12,1294,18664,0.879,3,25002501403
14484,"Boston-Quincy, MA",1980,21235,25025,25025140400,25002501404,2.50E+12,1823,17825,0.839,3,25002501404
14484,"Boston-Quincy, MA",1980,21235,25025,25025150100,25002501501,2.50E+12,0,,,,25002501501
14484,"Boston-Quincy, MA",1980,21235,25025,25025160100,25002501601,2.50E+12,1292,13551,0.638,1,25002501601
14484,"Boston-Quincy, MA",1980,21235,25025,25025160200,25002501602,2.50E+12,751,11702,0.551,1,25002501602
14484,"Boston-Quincy, MA",1980,21235,25025,25025160300,25002501603,2.50E+12,0,,,,25002501603
14484,"Boston-Quincy, MA",1980,21235,25025,25025160400,25002501604,2.50E+12,485,9475,0.446,1,25002501604
14484,"Boston-Quincy, MA",1980,21235,25025,25025160500,25002501605,2.50E+12,1941,13910,0.655,1,25002501605
14484,"Boston-Quincy, MA",1980,21235,25025,25025160600,25002501606,2.50E+12,1863,20125,0.948,3,25002501606
14484,"Boston-Quincy, MA",1980,21235,25025,25025160700,25002501607,2.50E+12,0,,,,25002501607
14484,"Boston-Quincy, MA",1980,21235,25025,25025170100,25002501701,2.50E+12,1831,21886,1.031,4,25002501701
14484,"Boston-Quincy, MA",1980,21235,25025,25025170200,25002501702,2.50E+12,1181,19760,0.931,3,25002501702
14484,"Boston-Quincy, MA",1980,21235,25025,25025170300,25002501703,2.50E+12,1798,21437,1.009,4,25002501703
14484,"Boston-Quincy, MA",1980,21235,25025,25025170400,25002501704,2.50E+12,1173,17591,0.828,3,25002501704
14484,"Boston-Quincy, MA",1980,21235,25025,25025170500,25002501705,2.50E+12,1085,16490,0.777,2,25002501705
14484,"Boston-Quincy, MA",1980,21235,25025,25025170600,25002501706,2.50E+12,1347,19170,0.903,3,25002501706
14484,"Boston-Quincy, MA",1980,21235,25025,25025170700,25002501707,2.50E+12,1696,14338,0.675,2,25002501707
14484,"Boston-Quincy, MA",1980,21235,25025,25025170800,25002501708,2.50E+12,1185,19128,0.901,3,25002501708
14484,"Boston-Quincy, MA",1980,21235,25025,25025180100,25002501801,2.50E+12,1141,21834,1.028,4,25002501801
14484,"Boston-Quincy, MA",1980,21235,25025,25025180200,25002501802,2.50E+12,1168,21729,1.023,4,25002501802
14484,"Boston-Quincy, MA",1980,21235,25025,25025180300,25002501803,2.50E+12,959,24987,1.177,4,25002501803
14484,"Boston-Quincy, MA",1980,21235,25025,25025180400,25002501804,2.50E+12,503,23607,1.112,4,25002501804
14484,"Boston-Quincy, MA",1980,21235,25025,25025180500,25002501805,2.50E+12,994,19813,0.933,3,25002501805
15764,"Cambridge-Newton-Framingham, MA",1980,24039,25017,25017300100,25001703001,2.50E+12,617,21549,0.896,3,25001703001
15764,"Cambridge-Newton-Framingham, MA",1980,24039,25017,25017301100,25001703011,2.50E+12,1937,22622,0.941,3,25001703011
15764,"Cambridge-Newton-Framingham, MA",1980,24039,25017,25017302100,25001703021,2.50E+12,1103,20122,0.837,3,25001703021
15764,"Cambridge-Newton-Framingham, MA",1980,24039,25017,25017302200,25001703022,2.50E+12,200,15000,0.624,1,25001703022
15764,"Cambridge-Newton-Framingham, MA",1980,24039,25017,25017310100,25001703101,2.50E+12,419,10702,0.445,1,25001703101
15764,"Cambridge-Newton-Framingham, MA",1980,24039,25017,25017310200,25001703102,2.50E+12,1456,19714,0.82,3,25001703102
15764,"Cambridge-Newton-Framingham, MA",1980,24039,25017,25017310300,25001703103,2.50E+12,1515,17542,0.73,2,25001703103
15764,"Cambridge-Newton-Framingham, MA",1980,24039,25017,25017310400,25001703104,2.50E+12,844,12585,0.524,1,25001703104
15764,"Cambridge-Newton-Framingham, MA",1980,24039,25017,25017310500,25001703105,2.50E+12,761,18383,0.765,2,25001703105
15764,"Cambridge-Newton-Framingham, MA",1980,24039,25017,25017310600,25001703106,2.50E+12,2178,19746,0.821,3,25001703106
15764,"Cambridge-Newton-Framingham, MA",1980,24039,25017,25017310700,25001703107,2.50E+12,856,14505,0.603,1,25001703107
15764,"Cambridge-Newton-Framingham, MA",1980,24039,25017,25017310800,25001703108,2.50E+12,255,12171,0.506,1,25001703108
15764,"Cambridge-Newton-Framingham, MA",1980,24039,25017,25017310900,25001703109,2.50E+12,139,10069,0.419,1,25001703109
15764,"Cambridge-Newton-Framingham, MA",1980,24039,25017,25017311000,25001703110,2.50E+12,265,6681,0.278,1,25001703110
15764,"Cambridge-Newton-Framingham, MA",1980,24039,25017,25017311100,25001703111,2.50E+12,476,11324,0.471,1,25001703111
15764,"Cambridge-Newton-Framingham, MA",1980,24039,25017,25017311200,25001703112,2.50E+12,650,14000,0.582,1,25001703112
15764,"Cambridge-Newton-Framingham, MA",1980,24039,25017,25017311300,25001703113,2.50E+12,873,17780,0.74,2,25001703113
15764,"Cambridge-Newton-Framingham, MA",1980,24039,25017,25017311400,25001703114,2.50E+12,1239,17999,0.749,2,25001703114
15764,"Cambridge-Newton-Framingham, MA",1980,24039,25017,25017311500,25001703115,2.50E+12,694,23438,0.975,3,25001703115
15764,"Cambridge-Newton-Framingham, MA",1980,24039,25017,25017311600,25001703116,2.50E+12,1356,21067,0.876,3,25001703116
15764,"Cambridge-Newton-Framingham, MA",1980,24039,25017,25017311700,25001703117,2.50E+12,1009,20123,0.837,3,25001703117
15764,"Cambridge-Newton-Framingham, MA",1980,24039,25017,25017311800,25001703118,2.50E+12,646,15625,0.65,1,25001703118
15764,"Cambridge-Newton-Framingham, MA",1980,24039,25017,25017311900,25001703119,2.50E+12,582,11951,0.497,1,25001703119
15764,"Cambridge-Newton-Framingham, MA",1980,24039,25017,25017312000,25001703120,2.50E+12,837,15099,0.628,1,25001703120
15764,"Cambridge-Newton-Framingham, MA",1980,24039,25017,25017312100,25001703121,2.50E+12,629,14750,0.614,1,25001703121
15764,"Cambridge-Newton-Framingham, MA",1980,24039,25017,25017312200,25001703122,2.50E+12,1044,16368,0.681,2,25001703122
15764,"Cambridge-Newton-Framingham, MA",1980,24039,25017,25017312300,25001703123,2.50E+12,884,18867,0.785,2,25001703123
15764,"Cambridge-Newton-Framingham, MA",1980,24039,25017,25017312400,25001703124,2.50E+12,482,14375,0.598,1,25001703124
15764,"Cambridge-Newton-Framingham, MA",1980,24039,25017,25017312500,25001703125,2.50E+12,2237,24113,1.003,4,25001703125
15764,"Cambridge-Newton-Framingham, MA",1980,24039,25017,25017313100,25001703131,2.50E+12,1471,22844,0.95,3,25001703131
15764,"Cambridge-Newton-Framingham, MA",1980,24039,25017,25017314100,25001703141,2.50E+12,2464,22966,0.955,3,25001703141
15764,"Cambridge-Newton-Framingham, MA",1980,24039,25017,25017314200,25001703142,2.50E+12,1252,22071,0.918,3,25001703142
15764,"Cambridge-Newton-Framingham, MA",1980,24039,25017,25017314300,25001703143,2.50E+12,2006,23068,0.96,3,25001703143
15764,"Cambridge-Newton-Framingham, MA",1980,24039,25017,25017315100,25001703151,2.50E+12,1014,26139,1.087,4,25001703151
15764,"Cambridge-Newton-Framingham, MA",1980,24039,25017,25017315200,25001703152,2.50E+12,1432,26404,1.098,4,25001703152
15764,"Cambridge-Newton-Framingham, MA",1980,24039,25017,25017315300,25001703153,2.50E+12,0,,,,25001703153
15764,"Cambridge-Newton-Framingham, MA",1980,24039,25017,25017315400,25001703154,2.50E+12,1409,26705,1.111,4,25001703154
15764,"Cambridge-Newton-Framingham, MA",1980,24039,25017,25017315500,25001703155,2.50E+12,2014,24106,1.003,4,25001703155
15764,"Cambridge-Newton-Framingham, MA",1980,24039,25017,25017316100,25001703161,2.50E+12,2763,26115,1.086,4,25001703161
15764,"Cambridge-Newton-Framingham, MA",1980,24039,25017,25017316200,25001703162,2.50E+12,1937,23149,0.963,3,25001703162
15764,"Cambridge-Newton-Framingham, MA",1980,24039,25017,25017316300,25001703163,2.50E+12,1585,23799,0.99,3,25001703163
15764,"Cambridge-Newton-Framingham, MA",1980,24039,25017,25017316400,25001703164,2.50E+12,1265,24907,1.036,4,25001703164
15764,"Cambridge-Newton-Framingham, MA",1980,24039,25017,25017316500,25001703165,2.50E+12,1536,24141,1.004,4,25001703165
15764,"Cambridge-Newton-Framingham, MA",1980,24039,25017,25017317100,25001703171,2.50E+12,3646,27587,1.148,4,25001703171
15764,"Cambridge-Newton-Framingham, MA",1980,24039,25017,25017317200,25001703172,2.50E+12,2952,31870,1.326,5,25001703172
15764,"Cambridge-Newton-Framingham, MA",1980,24039,25017,25017317300,25001703173,2.50E+12,1496,22733,0.946,3,25001703173
15764,"Cambridge-Newton-Framingham, MA",1980,24039,25017,25017318100,25001703181,2.50E+12,1276,28333,1.179,4,25001703181
15764,"Cambridge-Newton-Framingham, MA",1980,24039,25017,25017318200,25001703182,2.50E+12,724,23980,0.998,3,25001703182
15764,"Cambridge-Newton-Framingham, MA",1980,24039,25017,25017318300,25001703183,2.50E+12,1105,32658,1.359,5,25001703183
15764,"Cambridge-Newton-Framingham, MA",1980,24039,25017,25017318400,25001703184,2.50E+12,419,27463,1.142,4,25001703184
15764,"Cambridge-Newton-Framingham, MA",1980,24039,25017,25017320100,25001703201,2.50E+12,1892,26009,1.082,4,25001703201
15764,"Cambridge-Newton-Framingham, MA",1980,24039,25017,25017321100,25001703211,2.50E+12,879,23627,0.983,3,25001703211
15764,"Cambridge-Newton-Framingham, MA",1980,24039,25017,25017321200,25001703212,2.50E+12,1557,21645,0.9,3,25001703212
15764,"Cambridge-Newton-Framingham, MA",1980,24039,25017,25017321300,25001703213,2.50E+12,1525,18718,0.779,2,25001703213
15764,"Cambridge-Newton-Framingham, MA",1980,24039,25017,25017321400,25001703214,2.50E+12,578,27842,1.158,4,25001703214
15764,"Cambridge-Newton-Framingham, MA",1980,24039,25017,25017321500,25001703215,2.50E+12,1480,19944,0.83,3,25001703215
15764,"Cambridge-Newton-Framingham, MA",1980,24039,25017,25017321600,25001703216,2.50E+12,1773,25267,1.051,4,25001703216
15764,"Cambridge-Newton-Framingham, MA",1980,24039,25017,25017322100,25001703221,2.50E+12,942,26236,1.091,4,25001703221
15764,"Cambridge-Newton-Framingham, MA",1980,24039,25017,25017322200,25001703222,2.50E+12,660,23973,0.997,3,25001703222
15764,"Cambridge-Newton-Framingham, MA",1980,24039,25017,25017322300,25001703223,2.50E+12,1502,22700,0.944,3,25001703223
15764,"Cambridge-Newton-Framingham, MA",1980,24039,25017,25017322400,25001703224,2.50E+12,1116,0,0,1,25001703224
15764,"Cambridge-Newton-Framingham, MA",1980,24039,25017,25017323100,25001703231,2.50E+12,1353,31609,1.315,5,25001703231
15764,"Cambridge-Newton-Framingham, MA",1980,24039,25017,25017324100,25001703241,2.50E+12,1814,24515,1.02,4,25001703241
15764,"Cambridge-Newton-Framingham, MA",1980,24039,25017,25017325100,25001703251,2.50E+12,1859,16170,0.673,2,25001703251
15764,"Cambridge-Newton-Framingham, MA",1980,24039,25017,25017326100,25001703261,2.50E+12,1565,24572,1.022,4,25001703261
15764,"Cambridge-Newton-Framingham, MA",1980,24039,25017,25017327100,25001703271,2.50E+12,2107,22037,0.917,3,25001703271
15764,"Cambridge-Newton-Framingham, MA",1980,24039,25017,25017328100,25001703281,2.50E+12,430,25111,1.045,4,25001703281
15764,"Cambridge-Newton-Framingham, MA",1980,24039,25017,25017330100,25001703301,2.50E+12,1599,28125,1.17,4,25001703301
15764,"Cambridge-Newton-Framingham, MA",1980,24039,25017,25017330200,25001703302,2.50E+12,1340,23543,0.979,3,25001703302
15764,"Cambridge-Newton-Framingham, MA",1980,24039,25017,25017331101,2.50E+12,2.50E+12,597,24824,1.033,4,2500170331101
15764,"Cambridge-Newton-Framingham, MA",1980,24039,25017,25017331102,2.50E+12,2.50E+12,1609,24502,1.019,4,2500170331102
15764,"Cambridge-Newton-Framingham, MA",1980,24039,25017,25017331200,25001703312,2.50E+12,1159,23633,0.983,3,25001703312
15764,"Cambridge-Newton-Framingham, MA",1980,24039,25017,25017331300,25001703313,2.50E+12,1107,25226,1.049,4,25001703313
15764,"Cambridge-Newton-Framingham, MA",1980,24039,25017,25017332100,25001703321,2.50E+12,1927,30713,1.278,5,25001703321
15764,"Cambridge-Newton-Framingham, MA",1980,24039,25017,25017332200,25001703322,2.50E+12,1197,26385,1.098,4,25001703322
15764,"Cambridge-Newton-Framingham, MA",1980,24039,25017,25017332300,25001703323,2.50E+12,1897,26524,1.103,4,25001703323
15764,"Cambridge-Newton-Framingham, MA",1980,24039,25017,25017332400,25001703324,2.50E+12,777,28323,1.178,4,25001703324
15764,"Cambridge-Newton-Framingham, MA",1980,24039,25017,25017333100,25001703331,2.50E+12,1657,26922,1.12,4,25001703331
15764,"Cambridge-Newton-Framingham, MA",1980,24039,25017,25017333200,25001703332,2.50E+12,1315,23750,0.988,3,25001703332
15764,"Cambridge-Newton-Framingham, MA",1980,24039,25017,25017333300,25001703333,2.50E+12,1074,20240,0.842,3,25001703333
15764,"Cambridge-Newton-Framingham, MA",1980,24039,25017,25017333400,25001703334,2.50E+12,1574,23787,0.99,3,25001703334
15764,"Cambridge-Newton-Framingham, MA",1980,24039,25017,25017333500,25001703335,2.50E+12,2077,22025,0.916,3,25001703335
15764,"Cambridge-Newton-Framingham, MA",1980,24039,25017,25017333600,25001703336,2.50E+12,1374,21432,0.892,3,25001703336
15764,"Cambridge-Newton-Framingham, MA",1980,24039,25017,25017334100,25001703341,2.50E+12,1515,31090,1.293,5,25001703341
15764,"Cambridge-Newton-Framingham, MA",1980,24039,25017,25017334200,25001703342,2.50E+12,1144,26549,1.104,4,25001703342
15764,"Cambridge-Newton-Framingham, MA",1980,24039,25017,25017334300,25001703343,2.50E+12,1728,28606,1.19,4,25001703343
15764,"Cambridge-Newton-Framingham, MA",1980,24039,25017,25017334400,25001703344,2.50E+12,1620,25324,1.053,4,25001703344
15764,"Cambridge-Newton-Framingham, MA",1980,24039,25017,25017335100,25001703351,2.50E+12,1710,23072,0.96,3,25001703351
15764,"Cambridge-Newton-Framingham, MA",1980,24039,25017,25017335200,25001703352,2.50E+12,1673,26534,1.104,4,25001703352
15764,"Cambridge-Newton-Framingham, MA",1980,24039,25017,25017335300,25001703353,2.50E+12,1985,22021,0.916,3,25001703353
15764,"Cambridge-Newton-Framingham, MA",1980,24039,25017,25017335400,25001703354,2.50E+12,1301,24433,1.016,4,25001703354
15764,"Cambridge-Newton-Framingham, MA",1980,24039,25017,25017336100,25001703361,2.50E+12,1606,26912,1.12,4,25001703361
15764,"Cambridge-Newton-Framingham, MA",1980,24039,25017,25017336200,25001703362,2.50E+12,2065,26311,1.095,4,25001703362
15764,"Cambridge-Newton-Framingham, MA",1980,24039,25017,25017336300,25001703363,2.50E+12,2008,24551,1.021,4,25001703363
15764,"Cambridge-Newton-Framingham, MA",1980,24039,25017,25017336400,25001703364,2.50E+12,2300,22774,0.947,3,25001703364
15764,"Cambridge-Newton-Framingham, MA",1980,24039,25017,25017337100,25001703371,2.50E+12,2014,24813,1.032,4,25001703371
15764,"Cambridge-Newton-Framingham, MA",1980,24039,25017,25017337200,25001703372,2.50E+12,2131,27013,1.124,4,25001703372
15764,"Cambridge-Newton-Framingham, MA",1980,24039,25017,25017337300,25001703373,2.50E+12,1440,22146,0.921,3,25001703373
15764,"Cambridge-Newton-Framingham, MA",1980,24039,25017,25017338100,25001703381,2.50E+12,855,29041,1.208,4,25001703381
15764,"Cambridge-Newton-Framingham, MA",1980,24039,25017,25017338200,25001703382,2.50E+12,840,24217,1.007,4,25001703382
15764,"Cambridge-Newton-Framingham, MA",1980,24039,25017,25017338300,25001703383,2.50E+12,830,40563,1.687,6,25001703383
15764,"Cambridge-Newton-Framingham, MA",1980,24039,25017,25017338400,25001703384,2.50E+12,1397,43648,1.816,6,25001703384
15764,"Cambridge-Newton-Framingham, MA",1980,24039,25017,25017338500,25001703385,2.50E+12,1442,30105,1.252,5,25001703385
15764,"Cambridge-Newton-Framingham, MA",1980,24039,25017,25017339100,25001703391,2.50E+12,1490,26667,1.109,4,25001703391
15764,"Cambridge-Newton-Framingham, MA",1980,24039,25017,25017339200,25001703392,2.50E+12,1821,24963,1.038,4,25001703392
15764,"Cambridge-Newton-Framingham, MA",1980,24039,25017,25017339300,25001703393,2.50E+12,757,25020,1.041,4,25001703393
15764,"Cambridge-Newton-Framingham, MA",1980,24039,25017,25017339400,25001703394,2.50E+12,990,22455,0.934,3,25001703394
15764,"Cambridge-Newton-Framingham, MA",1980,24039,25017,25017339500,25001703395,2.50E+12,1176,20962,0.872,3,25001703395
15764,"Cambridge-Newton-Framingham, MA",1980,24039,25017,25017339600,25001703396,2.50E+12,1506,19084,0.794,2,25001703396
15764,"Cambridge-Newton-Framingham, MA",1980,24039,25017,25017339700,25001703397,2.50E+12,1228,17661,0.735,2,25001703397
15764,"Cambridge-Newton-Framingham, MA",1980,24039,25017,25017339800,25001703398,2.50E+12,1829,17259,0.718,2,25001703398
15764,"Cambridge-Newton-Framingham, MA",1980,24039,25017,25017339900,25001703399,2.50E+12,1590,21673,0.902,3,25001703399
15764,"Cambridge-Newton-Framingham, MA",1980,24039,25017,25017340000,25001703400,2.50E+12,678,21354,0.888,3,25001703400
15764,"Cambridge-Newton-Framingham, MA",1980,24039,25017,25017340100,25001703401,2.50E+12,1903,23060,0.959,3,25001703401
15764,"Cambridge-Newton-Framingham, MA",1980,24039,25017,25017341100,25001703411,2.50E+12,1867,21894,0.911,3,25001703411
15764,"Cambridge-Newton-Framingham, MA",1980,24039,25017,25017341200,25001703412,2.50E+12,1648,20182,0.84,3,25001703412
15764,"Cambridge-Newton-Framingham, MA",1980,24039,25017,25017341300,25001703413,2.50E+12,730,17541,0.73,2,25001703413
15764,"Cambridge-Newton-Framingham, MA",1980,24039,25017,25017341400,25001703414,2.50E+12,1549,19620,0.816,3,25001703414
15764,"Cambridge-Newton-Framingham, MA",1980,24039,25017,25017341500,25001703415,2.50E+12,1123,17594,0.732,2,25001703415
15764,"Cambridge-Newton-Framingham, MA",1980,24039,25017,25017341600,25001703416,2.50E+12,1683,20197,0.84,3,25001703416
15764,"Cambridge-Newton-Framingham, MA",1980,24039,25017,25017341700,25001703417,2.50E+12,1508,19462,0.81,3,25001703417
15764,"Cambridge-Newton-Framingham, MA",1980,24039,25017,25017341800,25001703418,2.50E+12,1746,17427,0.725,2,25001703418
15764,"Cambridge-Newton-Framingham, MA",1980,24039,25017,25017341900,25001703419,2.50E+12,1899,21284,0.885,3,25001703419
15764,"Cambridge-Newton-Framingham, MA",1980,24039,25017,25017342100,25001703421,2.50E+12,2214,18552,0.772,2,25001703421
15764,"Cambridge-Newton-Framingham, MA",1980,24039,25017,25017342200,25001703422,2.50E+12,2137,18909,0.787,2,25001703422
15764,"Cambridge-Newton-Framingham, MA",1980,24039,25017,25017342300,25001703423,2.50E+12,1638,19884,0.827,3,25001703423
15764,"Cambridge-Newton-Framingham, MA",1980,24039,25017,25017342400,25001703424,2.50E+12,1076,18342,0.763,2,25001703424
15764,"Cambridge-Newton-Framingham, MA",1980,24039,25017,25017342500,25001703425,2.50E+12,1565,19087,0.794,2,25001703425
15764,"Cambridge-Newton-Framingham, MA",1980,24039,25017,25017342600,25001703426,2.50E+12,1043,17118,0.712,2,25001703426
15764,"Cambridge-Newton-Framingham, MA",1980,24039,25017,25017342700,25001703427,2.50E+12,304,16154,0.672,2,25001703427
15764,"Cambridge-Newton-Framingham, MA",1980,24039,25017,25017350100,25001703501,2.50E+12,2219,17177,0.715,2,25001703501
15764,"Cambridge-Newton-Framingham, MA",1980,24039,25017,25017350200,25001703502,2.50E+12,1667,18772,0.781,2,25001703502
15764,"Cambridge-Newton-Framingham, MA",1980,24039,25017,25017350300,25001703503,2.50E+12,656,17849,0.743,2,25001703503
15764,"Cambridge-Newton-Framingham, MA",1980,24039,25017,25017350400,25001703504,2.50E+12,1471,19194,0.798,2,25001703504
15764,"Cambridge-Newton-Framingham, MA",1980,24039,25017,25017350500,25001703505,2.50E+12,370,21218,0.883,3,25001703505
15764,"Cambridge-Newton-Framingham, MA",1980,24039,25017,25017350600,25001703506,2.50E+12,751,21572,0.897,3,25001703506
15764,"Cambridge-Newton-Framingham, MA",1980,24039,25017,25017350700,25001703507,2.50E+12,1659,17460,0.726,2,25001703507
15764,"Cambridge-Newton-Framingham, MA",1980,24039,25017,25017350800,25001703508,2.50E+12,493,17210,0.716,2,25001703508
15764,"Cambridge-Newton-Framingham, MA",1980,24039,25017,25017350900,25001703509,2.50E+12,735,18807,0.782,2,25001703509
15764,"Cambridge-Newton-Framingham, MA",1980,24039,25017,25017351000,25001703510,2.50E+12,1645,18719,0.779,2,25001703510
15764,"Cambridge-Newton-Framingham, MA",1980,24039,25017,25017351100,25001703511,2.50E+12,1365,19401,0.807,3,25001703511
15764,"Cambridge-Newton-Framingham, MA",1980,24039,25017,25017351200,25001703512,2.50E+12,1924,18280,0.76,2,25001703512
15764,"Cambridge-Newton-Framingham, MA",1980,24039,25017,25017351300,25001703513,2.50E+12,855,17786,0.74,2,25001703513
15764,"Cambridge-Newton-Framingham, MA",1980,24039,25017,25017351400,25001703514,2.50E+12,1712,16878,0.702,2,25001703514
15764,"Cambridge-Newton-Framingham, MA",1980,24039,25017,25017351500,25001703515,2.50E+12,458,14770,0.614,1,25001703515
15764,"Cambridge-Newton-Framingham, MA",1980,24039,25017,25017352100,25001703521,2.50E+12,435,15653,0.651,1,25001703521
15764,"Cambridge-Newton-Framingham, MA",1980,24039,25017,25017352200,25001703522,2.50E+12,334,13200,0.549,1,25001703522
15764,"Cambridge-Newton-Framingham, MA",1980,24039,25017,25017352300,25001703523,2.50E+12,487,17370,0.723,2,25001703523
15764,"Cambridge-Newton-Framingham, MA",1980,24039,25017,25017352400,25001703524,2.50E+12,536,6141,0.255,1,25001703524
15764,"Cambridge-Newton-Framingham, MA",1980,24039,25017,25017352500,25001703525,2.50E+12,582,15091,0.628,1,25001703525
15764,"Cambridge-Newton-Framingham, MA",1980,24039,25017,25017352600,25001703526,2.50E+12,661,16882,0.702,2,25001703526
15764,"Cambridge-Newton-Framingham, MA",1980,24039,25017,25017352700,25001703527,2.50E+12,530,12958,0.539,1,25001703527
15764,"Cambridge-Newton-Framingham, MA",1980,24039,25017,25017352800,25001703528,2.50E+12,668,16979,0.706,2,25001703528
15764,"Cambridge-Newton-Framingham, MA",1980,24039,25017,25017352900,25001703529,2.50E+12,537,21203,0.882,3,25001703529
15764,"Cambridge-Newton-Framingham, MA",1980,24039,25017,25017353000,25001703530,2.50E+12,466,14593,0.607,1,25001703530
15764,"Cambridge-Newton-Framingham, MA",1980,24039,25017,25017353100,25001703531,2.50E+12,768,11864,0.494,1,25001703531
15764,"Cambridge-Newton-Framingham, MA",1980,24039,25017,25017353200,25001703532,2.50E+12,501,14375,0.598,1,25001703532
15764,"Cambridge-Newton-Framingham, MA",1980,24039,25017,25017353300,25001703533,2.50E+12,748,16979,0.706,2,25001703533
15764,"Cambridge-Newton-Framingham, MA",1980,24039,25017,25017353400,25001703534,2.50E+12,509,12933,0.538,1,25001703534
15764,"Cambridge-Newton-Framingham, MA",1980,24039,25017,25017353500,25001703535,2.50E+12,436,14608,0.608,1,25001703535
15764,"Cambridge-Newton-Framingham, MA",1980,24039,25017,25017353600,25001703536,2.50E+12,631,25164,1.047,4,25001703536
15764,"Cambridge-Newton-Framingham, MA",1980,24039,25017,25017353700,25001703537,2.50E+12,456,20174,0.839,3,25001703537
15764,"Cambridge-Newton-Framingham, MA",1980,24039,25017,25017353800,25001703538,2.50E+12,581,22386,0.931,3,25001703538
15764,"Cambridge-Newton-Framingham, MA",1980,24039,25017,25017353900,25001703539,2.50E+12,486,13333,0.555,1,25001703539
15764,"Cambridge-Newton-Framingham, MA",1980,24039,25017,25017354000,25001703540,2.50E+12,567,29185,1.214,4,25001703540
15764,"Cambridge-Newton-Framingham, MA",1980,24039,25017,25017354100,25001703541,2.50E+12,472,31136,1.295,5,25001703541
15764,"Cambridge-Newton-Framingham, MA",1980,24039,25017,25017354200,25001703542,2.50E+12,814,40769,1.696,6,25001703542
15764,"Cambridge-Newton-Framingham, MA",1980,24039,25017,25017354300,25001703543,2.50E+12,859,17029,0.708,2,25001703543
15764,"Cambridge-Newton-Framingham, MA",1980,24039,25017,25017354400,25001703544,2.50E+12,445,22083,0.919,3,25001703544
15764,"Cambridge-Newton-Framingham, MA",1980,24039,25017,25017354500,25001703545,2.50E+12,473,32689,1.36,5,25001703545
15764,"Cambridge-Newton-Framingham, MA",1980,24039,25017,25017354600,25001703546,2.50E+12,993,20625,0.858,3,25001703546
15764,"Cambridge-Newton-Framingham, MA",1980,24039,25017,25017354700,25001703547,2.50E+12,444,19306,0.803,3,25001703547
15764,"Cambridge-Newton-Framingham, MA",1980,24039,25017,25017354800,25001703548,2.50E+12,419,17737,0.738,2,25001703548
15764,"Cambridge-Newton-Framingham, MA",1980,24039,25017,25017354900,25001703549,2.50E+12,1285,15030,0.625,1,25001703549
15764,"Cambridge-Newton-Framingham, MA",1980,24039,25017,25017355000,25001703550,2.50E+12,596,19324,0.804,3,25001703550
15764,"Cambridge-Newton-Framingham, MA",1980,24039,25017,25017356100,25001703561,2.50E+12,999,22489,0.936,3,25001703561
15764,"Cambridge-Newton-Framingham, MA",1980,24039,25017,25017356200,25001703562,2.50E+12,1471,20733,0.862,3,25001703562
15764,"Cambridge-Newton-Framingham, MA",1980,24039,25017,25017356300,25001703563,2.50E+12,1551,19638,0.817,3,25001703563
15764,"Cambridge-Newton-Framingham, MA",1980,24039,25017,25017356400,25001703564,2.50E+12,2277,28667,1.193,4,25001703564
15764,"Cambridge-Newton-Framingham, MA",1980,24039,25017,25017356500,25001703565,2.50E+12,1979,24682,1.027,4,25001703565
15764,"Cambridge-Newton-Framingham, MA",1980,24039,25017,25017356600,25001703566,2.50E+12,2267,26587,1.106,4,25001703566
15764,"Cambridge-Newton-Framingham, MA",1980,24039,25017,25017356700,25001703567,2.50E+12,1931,28479,1.185,4,25001703567
15764,"Cambridge-Newton-Framingham, MA",1980,24039,25017,25017357100,25001703571,2.50E+12,1238,33444,1.391,5,25001703571
15764,"Cambridge-Newton-Framingham, MA",1980,24039,25017,25017357200,25001703572,2.50E+12,903,33292,1.385,5,25001703572
15764,"Cambridge-Newton-Framingham, MA",1980,24039,25017,25017357300,25001703573,2.50E+12,827,24172,1.006,4,25001703573
15764,"Cambridge-Newton-Framingham, MA",1980,24039,25017,25017357400,25001703574,2.50E+12,652,30000,1.248,4,25001703574
15764,"Cambridge-Newton-Framingham, MA",1980,24039,25017,25017357500,25001703575,2.50E+12,551,24004,0.999,3,25001703575
15764,"Cambridge-Newton-Framingham, MA",1980,24039,25017,25017357600,25001703576,2.50E+12,702,20043,0.834,3,25001703576
15764,"Cambridge-Newton-Framingham, MA",1980,24039,25017,25017357700,25001703577,2.50E+12,861,22412,0.932,3,25001703577
15764,"Cambridge-Newton-Framingham, MA",1980,24039,25017,25017357800,25001703578,2.50E+12,1137,40962,1.704,6,25001703578
15764,"Cambridge-Newton-Framingham, MA",1980,24039,25017,25017358100,25001703581,2.50E+12,1510,33321,1.386,5,25001703581
15764,"Cambridge-Newton-Framingham, MA",1980,24039,25017,25017358200,25001703582,2.50E+12,0,,,,25001703582
15764,"Cambridge-Newton-Framingham, MA",1980,24039,25017,25017358300,25001703583,2.50E+12,1015,33809,1.406,5,25001703583
15764,"Cambridge-Newton-Framingham, MA",1980,24039,25017,25017358400,25001703584,2.50E+12,1303,37214,1.548,6,25001703584
15764,"Cambridge-Newton-Framingham, MA",1980,24039,25017,25017358500,25001703585,2.50E+12,1229,32606,1.356,5,25001703585
15764,"Cambridge-Newton-Framingham, MA",1980,24039,25017,25017358600,25001703586,2.50E+12,1586,33699,1.402,5,25001703586
15764,"Cambridge-Newton-Framingham, MA",1980,24039,25017,25017358700,25001703587,2.50E+12,1470,39965,1.663,6,25001703587
15764,"Cambridge-Newton-Framingham, MA",1980,24039,25017,25017359100,25001703591,2.50E+12,1325,31544,1.312,5,25001703591
15764,"Cambridge-Newton-Framingham, MA",1980,24039,25017,25017359200,25001703592,2.50E+12,8,22500,0.936,3,25001703592
15764,"Cambridge-Newton-Framingham, MA",1980,24039,25017,25017359300,25001703593,2.50E+12,1796,30878,1.285,5,25001703593
15764,"Cambridge-Newton-Framingham, MA",1980,24039,25017,25017360100,25001703601,2.50E+12,632,16553,0.689,2,25001703601
15764,"Cambridge-Newton-Framingham, MA",1980,24039,25017,25017360200,25001703602,2.50E+12,1286,43934,1.828,6,25001703602
15764,"Cambridge-Newton-Framingham, MA",1980,24039,25017,25017361100,25001703611,2.50E+12,1468,34161,1.421,5,25001703611
15764,"Cambridge-Newton-Framingham, MA",1980,24039,25017,25017361200,25001703612,2.50E+12,1186,32138,1.337,5,25001703612
15764,"Cambridge-Newton-Framingham, MA",1980,24039,25017,25017361300,25001703613,2.50E+12,1442,36871,1.534,6,25001703613
15764,"Cambridge-Newton-Framingham, MA",1980,24039,25017,25017362100,25001703621,2.50E+12,901,39191,1.63,6,25001703621
15764,"Cambridge-Newton-Framingham, MA",1980,24039,25017,25017363101,2.50E+12,2.50E+12,2039,34221,1.424,5,2500170363101
15764,"Cambridge-Newton-Framingham, MA",1980,24039,25017,25017363102,2.50E+12,2.50E+12,783,26789,1.114,4,2500170363102
15764,"Cambridge-Newton-Framingham, MA",1980,24039,25017,25017363201,2.50E+12,2.50E+12,716,31899,1.327,5,2500170363201
15764,"Cambridge-Newton-Framingham, MA",1980,24039,25017,25017363202,2.50E+12,2.50E+12,881,32229,1.341,5,2500170363202
15764,"Cambridge-Newton-Framingham, MA",1980,24039,25017,25017364100,25001703641,2.50E+12,2574,22073,0.918,3,25001703641
15764,"Cambridge-Newton-Framingham, MA",1980,24039,25017,25017365100,25001703651,2.50E+12,1448,42574,1.771,6,25001703651
15764,"Cambridge-Newton-Framingham, MA",1980,24039,25017,25017365201,2.50E+12,2.50E+12,1359,37363,1.554,6,2500170365201
15764,"Cambridge-Newton-Framingham, MA",1980,24039,25017,25017365202,2.50E+12,2.50E+12,862,39000,1.622,6,2500170365202
15764,"Cambridge-Newton-Framingham, MA",1980,24039,25017,25017366100,25001703661,2.50E+12,1229,28559,1.188,4,25001703661
15764,"Cambridge-Newton-Framingham, MA",1980,24039,25017,25017366200,25001703662,2.50E+12,2155,44523,1.852,6,25001703662
15764,"Cambridge-Newton-Framingham, MA",1980,24039,25017,25017367100,25001703671,2.50E+12,1026,43867,1.825,6,25001703671
15764,"Cambridge-Newton-Framingham, MA",1980,24039,25017,25017367200,25001703672,2.50E+12,1776,58622,2.439,6,25001703672
15764,"Cambridge-Newton-Framingham, MA",1980,24039,25017,25017368100,25001703681,2.50E+12,2384,26608,1.107,4,25001703681
15764,"Cambridge-Newton-Framingham, MA",1980,24039,25017,25017368200,25001703682,2.50E+12,1178,22530,0.937,3,25001703682
15764,"Cambridge-Newton-Framingham, MA",1980,24039,25017,25017368300,25001703683,2.50E+12,1039,20344,0.846,3,25001703683
15764,"Cambridge-Newton-Framingham, MA",1980,24039,25017,25017368400,25001703684,2.50E+12,1438,21892,0.911,3,25001703684
15764,"Cambridge-Newton-Framingham, MA",1980,24039,25017,25017368500,25001703685,2.50E+12,526,15222,0.633,1,25001703685
15764,"Cambridge-Newton-Framingham, MA",1980,24039,25017,25017368600,25001703686,2.50E+12,1336,18257,0.759,2,25001703686
15764,"Cambridge-Newton-Framingham, MA",1980,24039,25017,25017368700,25001703687,2.50E+12,599,17207,0.716,2,25001703687
15764,"Cambridge-Newton-Framingham, MA",1980,24039,25017,25017368800,25001703688,2.50E+12,1150,20511,0.853,3,25001703688
15764,"Cambridge-Newton-Framingham, MA",1980,24039,25017,25017368900,25001703689,2.50E+12,1764,24038,1,3,25001703689
15764,"Cambridge-Newton-Framingham, MA",1980,24039,25017,25017369000,25001703690,2.50E+12,133,30147,1.254,5,25001703690
15764,"Cambridge-Newton-Framingham, MA",1980,24039,25017,25017369100,25001703691,2.50E+12,1491,25356,1.055,4,25001703691
15764,"Cambridge-Newton-Framingham, MA",1980,24039,25017,25017370100,25001703701,2.50E+12,3465,22120,0.92,3,25001703701
15764,"Cambridge-Newton-Framingham, MA",1980,24039,25017,25017370200,25001703702,2.50E+12,2331,25240,1.05,4,25001703702
15764,"Cambridge-Newton-Framingham, MA",1980,24039,25017,25017370300,25001703703,2.50E+12,1409,17905,0.745,2,25001703703
15764,"Cambridge-Newton-Framingham, MA",1980,24039,25017,25017370400,25001703704,2.50E+12,1319,21340,0.888,3,25001703704
15764,"Cambridge-Newton-Framingham, MA",1980,24039,25017,25017373100,25001703731,2.50E+12,1133,23803,0.99,3,25001703731
15764,"Cambridge-Newton-Framingham, MA",1980,24039,25017,25017373200,25001703732,2.50E+12,1199,21306,0.886,3,25001703732
15764,"Cambridge-Newton-Framingham, MA",1980,24039,25017,25017373300,25001703733,2.50E+12,775,24869,1.035,4,25001703733
15764,"Cambridge-Newton-Framingham, MA",1980,24039,25017,25017373400,25001703734,2.50E+12,868,26641,1.108,4,25001703734
15764,"Cambridge-Newton-Framingham, MA",1980,24039,25017,25017373500,25001703735,2.50E+12,1487,43794,1.822,6,25001703735
15764,"Cambridge-Newton-Framingham, MA",1980,24039,25017,25017373600,25001703736,2.50E+12,717,44140,1.836,6,25001703736
15764,"Cambridge-Newton-Framingham, MA",1980,24039,25017,25017373700,25001703737,2.50E+12,1338,35870,1.492,5,25001703737
15764,"Cambridge-Newton-Framingham, MA",1980,24039,25017,25017373800,25001703738,2.50E+12,1372,27454,1.142,4,25001703738
15764,"Cambridge-Newton-Framingham, MA",1980,24039,25017,25017373900,25001703739,2.50E+12,1641,45923,1.91,6,25001703739
15764,"Cambridge-Newton-Framingham, MA",1980,24039,25017,25017374000,25001703740,2.50E+12,1273,31930,1.328,5,25001703740
15764,"Cambridge-Newton-Framingham, MA",1980,24039,25017,25017374100,25001703741,2.50E+12,879,24397,1.015,4,25001703741
15764,"Cambridge-Newton-Framingham, MA",1980,24039,25017,25017374200,25001703742,2.50E+12,1151,32188,1.339,5,25001703742
15764,"Cambridge-Newton-Framingham, MA",1980,24039,25017,25017374300,25001703743,2.50E+12,1023,43325,1.802,6,25001703743
15764,"Cambridge-Newton-Framingham, MA",1980,24039,25017,25017374400,25001703744,2.50E+12,1491,48819,2.031,6,25001703744
15764,"Cambridge-Newton-Framingham, MA",1980,24039,25017,25017374500,25001703745,2.50E+12,1108,28091,1.169,4,25001703745
15764,"Cambridge-Newton-Framingham, MA",1980,24039,25017,25017374600,25001703746,2.50E+12,1415,25365,1.055,4,25001703746
15764,"Cambridge-Newton-Framingham, MA",1980,24039,25017,25017374700,25001703747,2.50E+12,1090,24449,1.017,4,25001703747
15764,"Cambridge-Newton-Framingham, MA",1980,24039,25017,25017374800,25001703748,2.50E+12,827,29639,1.233,4,25001703748
15764,"Cambridge-Newton-Framingham, MA",1980,24039,25017,25017382100,25001703821,2.50E+12,1382,28395,1.181,4,25001703821
15764,"Cambridge-Newton-Framingham, MA",1980,24039,25017,25017382200,25001703822,2.50E+12,1466,25388,1.056,4,25001703822
15764,"Cambridge-Newton-Framingham, MA",1980,24039,25017,25017382300,25001703823,2.50E+12,1209,24077,1.002,4,25001703823
15764,"Cambridge-Newton-Framingham, MA",1980,24039,25017,25017382400,25001703824,2.50E+12,1150,23698,0.986,3,25001703824
15764,"Cambridge-Newton-Framingham, MA",1980,24039,25017,25017382500,25001703825,2.50E+12,1078,23919,0.995,3,25001703825
15764,"Cambridge-Newton-Framingham, MA",1980,24039,25017,25017382600,25001703826,2.50E+12,1442,28355,1.18,4,25001703826
15764,"Cambridge-Newton-Framingham, MA",1980,24039,25017,25017383100,25001703831,2.50E+12,1605,16010,0.666,1,25001703831
15764,"Cambridge-Newton-Framingham, MA",1980,24039,25017,25017383200,25001703832,2.50E+12,1200,20619,0.858,3,25001703832
15764,"Cambridge-Newton-Framingham, MA",1980,24039,25017,25017383300,25001703833,2.50E+12,582,23478,0.977,3,25001703833
15764,"Cambridge-Newton-Framingham, MA",1980,24039,25017,25017383400,25001703834,2.50E+12,1251,18881,0.785,2,25001703834
15764,"Cambridge-Newton-Framingham, MA",1980,24039,25017,25017383500,25001703835,2.50E+12,1680,22645,0.942,3,25001703835
15764,"Cambridge-Newton-Framingham, MA",1980,24039,25017,25017383600,25001703836,2.50E+12,1581,28728,1.195,4,25001703836
15764,"Cambridge-Newton-Framingham, MA",1980,24039,25017,25017383700,25001703837,2.50E+12,1588,26655,1.109,4,25001703837
15764,"Cambridge-Newton-Framingham, MA",1980,24039,25017,25017383800,25001703838,2.50E+12,1618,27979,1.164,4,25001703838
15764,"Cambridge-Newton-Framingham, MA",1980,24039,25017,25017383901,2.50E+12,2.50E+12,2124,31041,1.291,5,2500170383901
15764,"Cambridge-Newton-Framingham, MA",1980,24039,25017,25017383902,2.50E+12,2.50E+12,1424,34244,1.425,5,2500170383902
15764,"Cambridge-Newton-Framingham, MA",1980,24039,25017,25017384000,25001703840,2.50E+12,1599,33643,1.4,5,25001703840
15764,"Cambridge-Newton-Framingham, MA",1980,24039,25017,25017385100,25001703851,2.50E+12,962,26822,1.116,4,25001703851
15764,"Cambridge-Newton-Framingham, MA",1980,24039,25017,25017385200,25001703852,2.50E+12,1431,25772,1.072,4,25001703852
15764,"Cambridge-Newton-Framingham, MA",1980,24039,25017,25017386100,25001703861,2.50E+12,1066,44451,1.849,6,25001703861
15764,"Cambridge-Newton-Framingham, MA",1980,24039,25017,25017387100,25001703871,2.50E+12,983,26783,1.114,4,25001703871
15764,"Cambridge-Newton-Framingham, MA",1980,24039,25017,25017387200,25001703872,2.50E+12,2270,28400,1.181,4,25001703872
15764,"Cambridge-Newton-Framingham, MA",1980,24039,25017,25017388100,25001703881,2.50E+12,776,29605,1.232,4,25001703881
21604,"Essex County, MA",1980,21660,25009,25009201100,25000902011,2.50E+12,987,25722,1.188,4,25000902011
21604,"Essex County, MA",1980,21660,25009,25009202100,25000902021,2.50E+12,2091,24654,1.138,4,25000902021
21604,"Essex County, MA",1980,21660,25009,25009202200,25000902022,2.50E+12,1735,31942,1.475,5,25000902022
21604,"Essex County, MA",1980,21660,25009,25009203100,25000902031,2.50E+12,1989,32782,1.513,6,25000902031
21604,"Essex County, MA",1980,21660,25009,25009203200,25000902032,2.50E+12,1181,31391,1.449,5,25000902032
21604,"Essex County, MA",1980,21660,25009,25009203300,25000902033,2.50E+12,2232,24202,1.117,4,25000902033
21604,"Essex County, MA",1980,21660,25009,25009204100,25000902041,2.50E+12,2005,20748,0.958,3,25000902041
21604,"Essex County, MA",1980,21660,25009,25009204200,25000902042,2.50E+12,1150,19127,0.883,3,25000902042
21604,"Essex County, MA",1980,21660,25009,25009204300,25000902043,2.50E+12,784,13000,0.6,1,25000902043
21604,"Essex County, MA",1980,21660,25009,25009204400,25000902044,2.50E+12,951,18381,0.849,3,25000902044
21604,"Essex County, MA",1980,21660,25009,25009204500,25000902045,2.50E+12,723,17953,0.829,3,25000902045
21604,"Essex County, MA",1980,21660,25009,25009204600,25000902046,2.50E+12,1557,20228,0.934,3,25000902046
21604,"Essex County, MA",1980,21660,25009,25009204700,25000902047,2.50E+12,2441,19670,0.908,3,25000902047
21604,"Essex County, MA",1980,21660,25009,25009205100,25000902051,2.50E+12,1559,21121,0.975,3,25000902051
21604,"Essex County, MA",1980,21660,25009,25009205200,25000902052,2.50E+12,1463,20505,0.947,3,25000902052
21604,"Essex County, MA",1980,21660,25009,25009205300,25000902053,2.50E+12,1295,23795,1.099,4,25000902053
21604,"Essex County, MA",1980,21660,25009,25009205400,25000902054,2.50E+12,1139,25818,1.192,4,25000902054
21604,"Essex County, MA",1980,21660,25009,25009205500,25000902055,2.50E+12,1057,17279,0.798,2,25000902055
21604,"Essex County, MA",1980,21660,25009,25009205600,25000902056,2.50E+12,1030,20753,0.958,3,25000902056
21604,"Essex County, MA",1980,21660,25009,25009205700,25000902057,2.50E+12,1247,21311,0.984,3,25000902057
21604,"Essex County, MA",1980,21660,25009,25009205800,25000902058,2.50E+12,672,17548,0.81,3,25000902058
21604,"Essex County, MA",1980,21660,25009,25009205900,25000902059,2.50E+12,1061,18739,0.865,3,25000902059
21604,"Essex County, MA",1980,21660,25009,25009206000,25000902060,2.50E+12,671,14327,0.661,1,25000902060
21604,"Essex County, MA",1980,21660,25009,25009206100,25000902061,2.50E+12,643,12812,0.591,1,25000902061
21604,"Essex County, MA",1980,21660,25009,25009206200,25000902062,2.50E+12,1006,14618,0.675,2,25000902062
21604,"Essex County, MA",1980,21660,25009,25009206300,25000902063,2.50E+12,881,16174,0.747,2,25000902063
21604,"Essex County, MA",1980,21660,25009,25009206400,25000902064,2.50E+12,1364,19333,0.893,3,25000902064
21604,"Essex County, MA",1980,21660,25009,25009206500,25000902065,2.50E+12,726,15446,0.713,2,25000902065
21604,"Essex County, MA",1980,21660,25009,25009206600,25000902066,2.50E+12,1130,19203,0.887,3,25000902066
21604,"Essex County, MA",1980,21660,25009,25009206700,25000902067,2.50E+12,796,17560,0.811,3,25000902067
21604,"Essex County, MA",1980,21660,25009,25009206800,25000902068,2.50E+12,352,11857,0.547,1,25000902068
21604,"Essex County, MA",1980,21660,25009,25009206900,25000902069,2.50E+12,495,11354,0.524,1,25000902069
21604,"Essex County, MA",1980,21660,25009,25009207000,25000902070,2.50E+12,300,10000,0.462,1,25000902070
21604,"Essex County, MA",1980,21660,25009,25009207100,25000902071,2.50E+12,672,16056,0.741,2,25000902071
21604,"Essex County, MA",1980,21660,25009,25009207200,25000902072,2.50E+12,601,11103,0.513,1,25000902072
21604,"Essex County, MA",1980,21660,25009,25009208100,25000902081,2.50E+12,2404,22217,1.026,4,25000902081
21604,"Essex County, MA",1980,21660,25009,25009208200,25000902082,2.50E+12,1538,21599,0.997,3,25000902082
21604,"Essex County, MA",1980,21660,25009,25009208300,25000902083,2.50E+12,1767,24781,1.144,4,25000902083
21604,"Essex County, MA",1980,21660,25009,25009208400,25000902084,2.50E+12,1027,26504,1.224,4,25000902084
21604,"Essex County, MA",1980,21660,25009,25009209100,25000902091,2.50E+12,1603,31181,1.44,5,25000902091
21604,"Essex County, MA",1980,21660,25009,25009209200,25000902092,2.50E+12,1482,36897,1.703,6,25000902092
21604,"Essex County, MA",1980,21660,25009,25009210100,25000902101,2.50E+12,1680,27140,1.253,5,25000902101
21604,"Essex County, MA",1980,21660,25009,25009210200,25000902102,2.50E+12,1554,27521,1.271,5,25000902102
21604,"Essex County, MA",1980,21660,25009,25009210300,25000902103,2.50E+12,1656,26205,1.21,4,25000902103
21604,"Essex County, MA",1980,21660,25009,25009210400,25000902104,2.50E+12,1775,22996,1.062,4,25000902104
21604,"Essex County, MA",1980,21660,25009,25009210500,25000902105,2.50E+12,1502,23556,1.088,4,25000902105
21604,"Essex County, MA",1980,21660,25009,25009210600,25000902106,2.50E+12,1167,23268,1.074,4,25000902106
21604,"Essex County, MA",1980,21660,25009,25009210700,25000902107,2.50E+12,977,17666,0.816,3,25000902107
21604,"Essex County, MA",1980,21660,25009,25009210800,25000902108,2.50E+12,1011,16008,0.739,2,25000902108
21604,"Essex County, MA",1980,21660,25009,25009210900,25000902109,2.50E+12,1113,20786,0.96,3,25000902109
21604,"Essex County, MA",1980,21660,25009,25009211100,25000902111,2.50E+12,956,22819,1.053,4,25000902111
21604,"Essex County, MA",1980,21660,25009,25009211200,25000902112,2.50E+12,1611,21115,0.975,3,25000902112
21604,"Essex County, MA",1980,21660,25009,25009211300,25000902113,2.50E+12,1666,28750,1.327,5,25000902113
21604,"Essex County, MA",1980,21660,25009,25009211400,25000902114,2.50E+12,1869,27627,1.275,5,25000902114
21604,"Essex County, MA",1980,21660,25009,25009211500,25000902115,2.50E+12,0,,,,25000902115
21604,"Essex County, MA",1980,21660,25009,25009212100,25000902121,2.50E+12,1091,23138,1.068,4,25000902121
21604,"Essex County, MA",1980,21660,25009,25009213100,25000902131,2.50E+12,1457,35568,1.642,6,25000902131
21604,"Essex County, MA",1980,21660,25009,25009214100,25000902141,2.50E+12,1554,32662,1.508,6,25000902141
21604,"Essex County, MA",1980,21660,25009,25009215100,25000902151,2.50E+12,1914,28272,1.305,5,25000902151
21604,"Essex County, MA",1980,21660,25009,25009216100,25000902161,2.50E+12,911,35029,1.617,6,25000902161
21604,"Essex County, MA",1980,21660,25009,25009217100,25000902171,2.50E+12,1683,25669,1.185,4,25000902171
21604,"Essex County, MA",1980,21660,25009,25009217200,25000902172,2.50E+12,2316,22952,1.06,4,25000902172
21604,"Essex County, MA",1980,21660,25009,25009217300,25000902173,2.50E+12,1269,17733,0.819,3,25000902173
21604,"Essex County, MA",1980,21660,25009,25009217400,25000902174,2.50E+12,1150,16032,0.74,2,25000902174
21604,"Essex County, MA",1980,21660,25009,25009217500,25000902175,2.50E+12,1850,22976,1.061,4,25000902175
21604,"Essex County, MA",1980,21660,25009,25009217600,25000902176,2.50E+12,1488,28152,1.3,5,25000902176
21604,"Essex County, MA",1980,21660,25009,25009218100,25000902181,2.50E+12,1416,31925,1.474,5,25000902181
21604,"Essex County, MA",1980,21660,25009,25009220100,25000902201,2.50E+12,1729,20025,0.925,3,25000902201
21604,"Essex County, MA",1980,21660,25009,25009221100,25000902211,2.50E+12,1061,21012,0.97,3,25000902211
21604,"Essex County, MA",1980,21660,25009,25009221199,2.50E+12,2.50E+12,0,,,,2500090221199
21604,"Essex County, MA",1980,21660,25009,25009221200,25000902212,2.50E+12,331,21513,0.993,3,25000902212
21604,"Essex County, MA",1980,21660,25009,25009221300,25000902213,2.50E+12,900,23214,1.072,4,25000902213
21604,"Essex County, MA",1980,21660,25009,25009221400,25000902214,2.50E+12,794,15136,0.699,2,25000902214
21604,"Essex County, MA",1980,21660,25009,25009221500,25000902215,2.50E+12,826,15383,0.71,2,25000902215
21604,"Essex County, MA",1980,21660,25009,25009221600,25000902216,2.50E+12,463,14975,0.691,2,25000902216
21604,"Essex County, MA",1980,21660,25009,25009221700,25000902217,2.50E+12,870,17250,0.796,2,25000902217
21604,"Essex County, MA",1980,21660,25009,25009221800,25000902218,2.50E+12,568,19702,0.91,3,25000902218
21604,"Essex County, MA",1980,21660,25009,25009221900,25000902219,2.50E+12,1556,21206,0.979,3,25000902219
21604,"Essex County, MA",1980,21660,25009,25009222100,25000902221,2.50E+12,883,18992,0.877,3,25000902221
21604,"Essex County, MA",1980,21660,25009,25009223100,25000902231,2.50E+12,812,23681,1.093,4,25000902231
21604,"Essex County, MA",1980,21660,25009,25009223200,25000902232,2.50E+12,1249,20440,0.944,3,25000902232
21604,"Essex County, MA",1980,21660,25009,25009223300,25000902233,2.50E+12,966,27079,1.25,5,25000902233
21604,"Essex County, MA",1980,21660,25009,25009250100,25000902501,2.50E+12,107,10446,0.482,1,25000902501
21604,"Essex County, MA",1980,21660,25009,25009250200,25000902502,2.50E+12,1250,20377,0.941,3,25000902502
21604,"Essex County, MA",1980,21660,25009,25009250300,25000902503,2.50E+12,493,11569,0.534,1,25000902503
21604,"Essex County, MA",1980,21660,25009,25009250400,25000902504,2.50E+12,834,12328,0.569,1,25000902504
21604,"Essex County, MA",1980,21660,25009,25009250500,25000902505,2.50E+12,785,10983,0.507,1,25000902505
21604,"Essex County, MA",1980,21660,25009,25009250600,25000902506,2.50E+12,1092,16320,0.753,2,25000902506
21604,"Essex County, MA",1980,21660,25009,25009250700,25000902507,2.50E+12,1032,13013,0.601,1,25000902507
21604,"Essex County, MA",1980,21660,25009,25009250800,25000902508,2.50E+12,1462,17844,0.824,3,25000902508
21604,"Essex County, MA",1980,21660,25009,25009250900,25000902509,2.50E+12,402,9575,0.442,1,25000902509
21604,"Essex County, MA",1980,21660,25009,25009251000,25000902510,2.50E+12,352,11583,0.535,1,25000902510
21604,"Essex County, MA",1980,21660,25009,25009251100,25000902511,2.50E+12,532,7788,0.36,1,25000902511
21604,"Essex County, MA",1980,21660,25009,25009251200,25000902512,2.50E+12,315,10448,0.482,1,25000902512
21604,"Essex County, MA",1980,21660,25009,25009251300,25000902513,2.50E+12,857,8650,0.399,1,25000902513
21604,"Essex County, MA",1980,21660,25009,25009251400,25000902514,2.50E+12,1071,18327,0.846,3,25000902514
21604,"Essex County, MA",1980,21660,25009,25009251500,25000902515,2.50E+12,1388,16353,0.755,2,25000902515
21604,"Essex County, MA",1980,21660,25009,25009251600,25000902516,2.50E+12,1271,15981,0.738,2,25000902516
21604,"Essex County, MA",1980,21660,25009,25009251700,25000902517,2.50E+12,1026,18333,0.846,3,25000902517
21604,"Essex County, MA",1980,21660,25009,25009251800,25000902518,2.50E+12,2028,21520,0.994,3,25000902518
21604,"Essex County, MA",1980,21660,25009,25009252100,25000902521,2.50E+12,1648,22371,1.033,4,25000902521
21604,"Essex County, MA",1980,21660,25009,25009252200,25000902522,2.50E+12,1404,25097,1.159,4,25000902522
21604,"Essex County, MA",1980,21660,25009,25009252300,25000902523,2.50E+12,1489,21750,1.004,4,25000902523
21604,"Essex County, MA",1980,21660,25009,25009252400,25000902524,2.50E+12,1099,15474,0.714,2,25000902524
21604,"Essex County, MA",1980,21660,25009,25009252500,25000902525,2.50E+12,2233,21911,1.012,4,25000902525
21604,"Essex County, MA",1980,21660,25009,25009252600,25000902526,2.50E+12,1998,20522,0.947,3,25000902526
21604,"Essex County, MA",1980,21660,25009,25009253100,25000902531,2.50E+12,1478,21574,0.996,3,25000902531
21604,"Essex County, MA",1980,21660,25009,25009253200,25000902532,2.50E+12,3723,27171,1.254,5,25000902532
21604,"Essex County, MA",1980,21660,25009,25009254100,25000902541,2.50E+12,1517,28520,1.317,5,25000902541
21604,"Essex County, MA",1980,21660,25009,25009254200,25000902542,2.50E+12,1118,23722,1.095,4,25000902542
21604,"Essex County, MA",1980,21660,25009,25009254300,25000902543,2.50E+12,1912,34130,1.576,6,25000902543
21604,"Essex County, MA",1980,21660,25009,25009254400,25000902544,2.50E+12,2483,34722,1.603,6,25000902544
21604,"Essex County, MA",1980,21660,25009,25009260100,25000902601,2.50E+12,836,9764,0.451,1,25000902601
21604,"Essex County, MA",1980,21660,25009,25009260200,25000902602,2.50E+12,749,13657,0.631,1,25000902602
21604,"Essex County, MA",1980,21660,25009,25009260300,25000902603,2.50E+12,1724,20919,0.966,3,25000902603
21604,"Essex County, MA",1980,21660,25009,25009260400,25000902604,2.50E+12,1219,22102,1.02,4,25000902604
21604,"Essex County, MA",1980,21660,25009,25009260500,25000902605,2.50E+12,899,25938,1.197,4,25000902605
21604,"Essex County, MA",1980,21660,25009,25009260600,25000902606,2.50E+12,773,14761,0.681,2,25000902606
21604,"Essex County, MA",1980,21660,25009,25009260700,25000902607,2.50E+12,892,18429,0.851,3,25000902607
21604,"Essex County, MA",1980,21660,25009,25009260800,25000902608,2.50E+12,1171,13905,0.642,1,25000902608
21604,"Essex County, MA",1980,21660,25009,25009260900,25000902609,2.50E+12,946,17105,0.79,2,25000902609
21604,"Essex County, MA",1980,21660,25009,25009261000,25000902610,2.50E+12,1013,18998,0.877,3,25000902610
21604,"Essex County, MA",1980,21660,25009,25009261100,25000902611,2.50E+12,1843,22472,1.037,4,25000902611
21604,"Essex County, MA",1980,21660,25009,25009262100,25000902621,2.50E+12,1239,20428,0.943,3,25000902621
21604,"Essex County, MA",1980,21660,25009,25009263100,25000902631,2.50E+12,752,25927,1.197,4,25000902631
21604,"Essex County, MA",1980,21660,25009,25009264100,25000902641,2.50E+12,1328,23597,1.089,4,25000902641
21604,"Essex County, MA",1980,21660,25009,25009265100,25000902651,2.50E+12,1544,23906,1.104,4,25000902651
21604,"Essex County, MA",1980,21660,25009,25009266100,25000902661,2.50E+12,693,19386,0.895,3,25000902661
21604,"Essex County, MA",1980,21660,25009,25009266200,25000902662,2.50E+12,1203,18682,0.862,3,25000902662
21604,"Essex County, MA",1980,21660,25009,25009266300,25000902663,2.50E+12,929,18771,0.867,3,25000902663
21604,"Essex County, MA",1980,21660,25009,25009266400,25000902664,2.50E+12,821,20149,0.93,3,25000902664
21604,"Essex County, MA",1980,21660,25009,25009267100,25000902671,2.50E+12,1542,18588,0.858,3,25000902671
21604,"Essex County, MA",1980,21660,25009,25009268100,25000902681,2.50E+12,375,25123,1.16,4,25000902681
21604,"Essex County, MA",1980,21660,25009,25009268200,25000902682,2.50E+12,1468,22667,1.046,4,25000902682
21604,"Essex County, MA",1980,21660,25009,25009268300,25000902683,2.50E+12,988,17946,0.829,3,25000902683
21604,"Essex County, MA",1980,21660,25009,25009268400,25000902684,2.50E+12,1135,18823,0.869,3,25000902684
21604,"Essex County, MA",1980,21660,25009,25009269100,25000902691,2.50E+12,1177,24422,1.127,4,25000902691
21604,"Essex County, MA",1980,21660,25009,25009270100,25000902701,2.50E+12,1027,22118,1.021,4,25000902701
40484,"Rockingham County-Strafford County, NH",1980,20544,33015,33015003300,33001500033,3.30E+12,1517,23027,1.121,4,33001500033
40484,"Rockingham County-Strafford County, NH",1980,20544,33015,33015003400,33001500034,3.30E+12,1094,19507,0.95,3,33001500034
40484,"Rockingham County-Strafford County, NH",1980,20544,33015,33015003500,33001500035,3.30E+12,875,17880,0.87,3,33001500035
40484,"Rockingham County-Strafford County, NH",1980,20544,33015,33015003600,33001500036,3.30E+12,1527,23857,1.161,4,33001500036
40484,"Rockingham County-Strafford County, NH",1980,20544,33015,33015003700,33001500037,3.30E+12,1368,22310,1.086,4,33001500037
40484,"Rockingham County-Strafford County, NH",1980,20544,33015,33015003800,33001500038,3.30E+12,961,26163,1.274,5,33001500038
40484,"Rockingham County-Strafford County, NH",1980,20544,33015,33015003900,33001500039,3.30E+12,1313,23413,1.14,4,33001500039
40484,"Rockingham County-Strafford County, NH",1980,20544,33015,33015004000,33001500040,3.30E+12,774,23176,1.128,4,33001500040
40484,"Rockingham County-Strafford County, NH",1980,20544,33015,33015050000,33001500500,3.30E+12,824,21483,1.046,4,33001500500
40484,"Rockingham County-Strafford County, NH",1980,20544,33015,33015051000,33001500510,3.30E+12,524,21338,1.039,4,33001500510
40484,"Rockingham County-Strafford County, NH",1980,20544,33015,33015052000,33001500520,3.30E+12,579,21145,1.029,4,33001500520
40484,"Rockingham County-Strafford County, NH",1980,20544,33015,33015053000,33001500530,3.30E+12,345,21910,1.066,4,33001500530
40484,"Rockingham County-Strafford County, NH",1980,20544,33015,33015054000,33001500540,3.30E+12,359,20101,0.978,3,33001500540
40484,"Rockingham County-Strafford County, NH",1980,20544,33015,33015055000,33001500550,3.30E+12,1529,16132,0.785,2,33001500550
40484,"Rockingham County-Strafford County, NH",1980,20544,33015,33015056000,33001500560,3.30E+12,523,19361,0.942,3,33001500560
40484,"Rockingham County-Strafford County, NH",1980,20544,33015,33015057000,33001500570,3.30E+12,594,17875,0.87,3,33001500570
40484,"Rockingham County-Strafford County, NH",1980,20544,33015,33015058000,33001500580,3.30E+12,510,19250,0.937,3,33001500580
40484,"Rockingham County-Strafford County, NH",1980,20544,33015,33015059000,33001500590,3.30E+12,925,15407,0.75,2,33001500590
40484,"Rockingham County-Strafford County, NH",1980,20544,33015,33015060000,33001500600,3.30E+12,478,20625,1.004,4,33001500600
40484,"Rockingham County-Strafford County, NH",1980,20544,33015,33015061000,33001500610,3.30E+12,2959,19481,0.948,3,33001500610
40484,"Rockingham County-Strafford County, NH",1980,20544,33015,33015062000,33001500620,3.30E+12,323,21964,1.069,4,33001500620
40484,"Rockingham County-Strafford County, NH",1980,20544,33015,33015062500,33001500625,3.30E+12,548,21161,1.03,4,33001500625
40484,"Rockingham County-Strafford County, NH",1980,20544,33015,33015063000,33001500630,3.30E+12,1652,17857,0.869,3,33001500630
40484,"Rockingham County-Strafford County, NH",1980,20544,33015,33015064000,33001500640,3.30E+12,393,25474,1.24,4,33001500640
40484,"Rockingham County-Strafford County, NH",1980,20544,33015,33015065000,33001500650,3.30E+12,2808,21547,1.049,4,33001500650
40484,"Rockingham County-Strafford County, NH",1980,20544,33015,33015066000,33001500660,3.30E+12,973,22705,1.105,4,33001500660
40484,"Rockingham County-Strafford County, NH",1980,20544,33015,33015067000,33001500670,3.30E+12,682,23664,1.152,4,33001500670
40484,"Rockingham County-Strafford County, NH",1980,20544,33015,33015067500,33001500675,3.30E+12,1255,19141,0.932,3,33001500675
40484,"Rockingham County-Strafford County, NH",1980,20544,33015,33015068500,33001500685,3.30E+12,764,22836,1.112,4,33001500685
40484,"Rockingham County-Strafford County, NH",1980,20544,33015,33015068599,3.30E+12,3.30E+12,0,,,,3300150068599
40484,"Rockingham County-Strafford County, NH",1980,20544,33015,33015069100,33001500691,3.30E+12,877,18292,0.89,3,33001500691
40484,"Rockingham County-Strafford County, NH",1980,20544,33015,33015069200,33001500692,3.30E+12,722,19529,0.951,3,33001500692
40484,"Rockingham County-Strafford County, NH",1980,20544,33015,33015069300,33001500693,3.30E+12,612,16731,0.814,3,33001500693
40484,"Rockingham County-Strafford County, NH",1980,20544,33015,33015069399,3.30E+12,3.30E+12,0,,,,3300150069399
40484,"Rockingham County-Strafford County, NH",1980,20544,33015,33015069400,33001500694,3.30E+12,951,12248,0.596,1,33001500694
40484,"Rockingham County-Strafford County, NH",1980,20544,33015,33015069500,33001500695,3.30E+12,1551,14375,0.7,2,33001500695
40484,"Rockingham County-Strafford County, NH",1980,20544,33015,33015069600,33001500696,3.30E+12,1196,23131,1.126,4,33001500696
40484,"Rockingham County-Strafford County, NH",1980,20544,33015,33015069700,33001500697,3.30E+12,580,19366,0.943,3,33001500697
40484,"Rockingham County-Strafford County, NH",1980,20544,33015,33015070000,33001500700,3.30E+12,236,28571,1.391,5,33001500700
40484,"Rockingham County-Strafford County, NH",1980,20544,33015,33015070099,3.30E+12,3.30E+12,0,,,,3300150070099
40484,"Rockingham County-Strafford County, NH",1980,20544,33015,33015071000,33001500710,3.30E+12,1280,22378,1.089,4,33001500710
40484,"Rockingham County-Strafford County, NH",1980,20544,33015,33015100100,33001501001,3.30E+12,978,20339,0.99,3,33001501001
40484,"Rockingham County-Strafford County, NH",1980,20544,33015,33015100200,33001501002,3.30E+12,1496,24774,1.206,4,33001501002
40484,"Rockingham County-Strafford County, NH",1980,20544,33015,33015100300,33001501003,3.30E+12,2075,22579,1.099,4,33001501003
40484,"Rockingham County-Strafford County, NH",1980,20544,33015,33015100400,33001501004,3.30E+12,1871,23949,1.166,4,33001501004
40484,"Rockingham County-Strafford County, NH",1980,20544,33015,33015101100,33001501011,3.30E+12,1443,23233,1.131,4,33001501011
40484,"Rockingham County-Strafford County, NH",1980,20544,33015,33015102100,33001501021,3.30E+12,831,21442,1.044,4,33001501021
40484,"Rockingham County-Strafford County, NH",1980,20544,33015,33015103100,33001501031,3.30E+12,1187,26494,1.29,5,33001501031
40484,"Rockingham County-Strafford County, NH",1980,20544,33015,33015104100,33001501041,3.30E+12,990,23750,1.156,4,33001501041
40484,"Rockingham County-Strafford County, NH",1980,20544,33015,33015105100,33001501051,3.30E+12,1096,22672,1.104,4,33001501051
40484,"Rockingham County-Strafford County, NH",1980,20544,33015,33015106100,33001501061,3.30E+12,1552,27650,1.346,5,33001501061
40484,"Rockingham County-Strafford County, NH",1980,20544,33017,33017080100,33001700801,3.30E+12,436,30312,1.475,5,33001700801
40484,"Rockingham County-Strafford County, NH",1980,20544,33017,33017080200,33001700802,3.30E+12,770,22736,1.107,4,33001700802
40484,"Rockingham County-Strafford County, NH",1980,20544,33017,33017080500,33001700805,3.30E+12,826,20833,1.014,4,33001700805
40484,"Rockingham County-Strafford County, NH",1980,20544,33017,33017081100,33001700811,3.30E+12,957,21907,1.066,4,33001700811
40484,"Rockingham County-Strafford County, NH",1980,20544,33017,33017081200,33001700812,3.30E+12,787,22422,1.091,4,33001700812
40484,"Rockingham County-Strafford County, NH",1980,20544,33017,33017081300,33001700813,3.30E+12,1081,16868,0.821,3,33001700813
40484,"Rockingham County-Strafford County, NH",1980,20544,33017,33017081400,33001700814,3.30E+12,359,14848,0.723,2,33001700814
40484,"Rockingham County-Strafford County, NH",1980,20544,33017,33017081500,33001700815,3.30E+12,1341,16708,0.813,3,33001700815
40484,"Rockingham County-Strafford County, NH",1980,20544,33017,33017081600,33001700816,3.30E+12,1142,20000,0.974,3,33001700816
40484,"Rockingham County-Strafford County, NH",1980,20544,33017,33017082000,33001700820,3.30E+12,640,19036,0.927,3,33001700820
40484,"Rockingham County-Strafford County, NH",1980,20544,33017,33017083000,33001700830,3.30E+12,2790,19432,0.946,3,33001700830
40484,"Rockingham County-Strafford County, NH",1980,20544,33017,33017084100,33001700841,3.30E+12,828,21588,1.051,4,33001700841
40484,"Rockingham County-Strafford County, NH",1980,20544,33017,33017084200,33001700842,3.30E+12,1391,18995,0.925,3,33001700842
40484,"Rockingham County-Strafford County, NH",1980,20544,33017,33017084300,33001700843,3.30E+12,1550,16114,0.784,2,33001700843
40484,"Rockingham County-Strafford County, NH",1980,20544,33017,33017084400,33001700844,3.30E+12,1190,16815,0.818,3,33001700844
40484,"Rockingham County-Strafford County, NH",1980,20544,33017,33017084500,33001700845,3.30E+12,608,19555,0.952,3,33001700845
40484,"Rockingham County-Strafford County, NH",1980,20544,33017,33017084600,33001700846,3.30E+12,365,21396,1.041,4,33001700846
40484,"Rockingham County-Strafford County, NH",1980,20544,33017,33017085000,33001700850,3.30E+12,1185,19493,0.949,3,33001700850
40484,"Rockingham County-Strafford County, NH",1980,20544,33017,33017086000,33001700860,3.30E+12,484,20200,0.983,3,33001700860
40484,"Rockingham County-Strafford County, NH",1980,20544,33017,33017087000,33001700870,3.30E+12,1199,16549,0.806,3,33001700870
40484,"Rockingham County-Strafford County, NH",1980,20544,33017,33017088000,33001700880,3.30E+12,643,16989,0.827,3,33001700880
40484,"Rockingham County-Strafford County, NH",1980,20544,33017,33017088500,33001700885,3.30E+12,523,16750,0.815,3,33001700885
